_links,additional_images,aisle,alcohol_retailer_id,availability,availability_message,availability_status,average_uom,average_weight,base_price,base_quantity,brand_name,categories,display_uom,ext_data,ext_id,fulfillment_inventory_area_id,fulfillment_retailer_id,fulfillment_retailer_store_id,fulfillment_store_number,fulfillment_types,href,ic_item_id,ic_product_id,id,images,is_alcoholic,loyalty_end_date,loyalty_price,loyalty_quantity,message_code,modified,name,offers,order_by_weight,ordering_parameters,price_alert,product_config,product_rating,product_type,promo_tag,promo_tag_percentage,reco_rating,sale_end_date,sale_price,sale_quantity,search_result,size_string,snrid,source,source_id,sponsored,status,tags,uom_price,usa_snap_eligible,user_rating
,[],,,"{'source': 'DEF/ETL', 'stock_level': 0}",,True,lb,0.4,1.0,1,,"[{'id': '1', 'name': 'Produce'}, {'id': '2', 'name': 'Fruits'}, {'id': '3', 'name': 'Apples'}]",ea,{},00000000032830,8370,279,2,17650,"['delivery', 'instore', 'pickup']",/store_products/6999,172761400,16614400,6999,"{'tile': {'large': 'https://d2d8wwwkmhfcva.cloudfront.net/1200x/filters:fill(FFF,true):format(jpg)/d2lnr5mha7bycj.cloudfront.net/product-image/file/large_76a8d037-65c8-43ab-bc49-e92e67363652.png', 'medium': 'https://d2d8wwwkmhfcva.cloudfront.net/800x/filters:fill(FFF,true):format(jpg)/d2lnr5mha7bycj.cloudfront.net/product-image/file/large_76a8d037-65c8-43ab-bc49-e92e67363652.png', 'small': 'https://d2d8wwwkmhfcva.cloudfront.net/400x/filters:fill(FFF,true):format(jpg)/d2lnr5mha7bycj.cloudfront.net/product-image/file/large_76a8d037-65c8-43ab-bc49-e92e67363652.png'}}",False,,,,,"Wed, 03 Jan 2024 09:37:03 GMT",Honeycrisp Apple,,False,"{'increment': 1, 'max': 100, 'min': 1}",,,"{'average_rating': 3.6, 'user_count': 5}",product,,,3.0,,,,"{'result_set': 0, 'score': None}",,b46d280d-8770-430f-8cbd-d8844df0e7e3,,,False,True,['none'],"{'price': 2.49, 'uom': 'lb'}",True,
,[],,,"{'source': 'DEF/ETL', 'stock_level': 0}",,True,lb,0.42,1.68,1,,"[{'id': '1', 'name': 'Produce'}, {'id': '2', 'name': 'Fruits'}, {'id': '3', 'name': 'Apples'}]",ea,{},00000000932830,8370,279,2,17650,"['delivery', 'instore', 'pickup']",/store_products/8794,172761973,16614421,8794,"{'tile': {'large': 'https://d2d8wwwkmhfcva.cloudfront.net/1200x/filters:fill(FFF,true):format(jpg)/d2lnr5mha7bycj.cloudfront.net/product-image/file/large_c5d95e44-5f6e-4b7b-b50f-cd67603ca065.png', 'medium': 'https://d2d8wwwkmhfcva.cloudfront.net/800x/filters:fill(FFF,true):format(jpg)/d2lnr5mha7bycj.cloudfront.net/product-image/file/large_c5d95e44-5f6e-4b7b-b50f-cd67603ca065.png', 'small': 'https://d2d8wwwkmhfcva.cloudfront.net/400x/filters:fill(FFF,true):format(jpg)/d2lnr5mha7bycj.cloudfront.net/product-image/file/large_c5d95e44-5f6e-4b7b-b50f-cd67603ca065.png'}}",False,,,,,"Tue, 19 Dec 2023 21:52:50 GMT",Organic Honeycrisp Apple,,False,"{'increment': 1, 'max': 100, 'min': 1}",,,"{'average_rating': 4.0, 'user_count': 1}",product,,,3.0,,,,"{'result_set': 0, 'score': None}",,b46d280d-8770-430f-8cbd-d8844df0e7e3,,,False,True,['organic'],"{'price': 3.99, 'uom': 'lb'}",True,
,[],,,"{'source': 'DEF/ETL', 'stock_level': 0}",,True,,,5.99,1,daisy girl organic,"[{'id': '1', 'name': 'Produce'}, {'id': '2', 'name': 'Fruits'}, {'id': '3', 'name': 'Apples'}]",ea,{},00847473000164,8370,279,2,17650,"['delivery', 'instore', 'pickup']",/store_products/77514,15313996489,17978710,77514,"{'tile': {'large': 'https://d2d8wwwkmhfcva.cloudfront.net/1200x/filters:fill(FFF,true):format(jpg)/d2lnr5mha7bycj.cloudfront.net/product-image/file/large_66b65e6f-13a1-480e-b9ff-49c01f282505.png', 'medium': 'https://d2d8wwwkmhfcva.cloudfront.net/800x/filters:fill(FFF,true):format(jpg)/d2lnr5mha7bycj.cloudfront.net/product-image/file/large_66b65e6f-13a1-480e-b9ff-49c01f282505.png', 'small': 'https://d2d8wwwkmhfcva.cloudfront.net/400x/filters:fill(FFF,true):format(jpg)/d2lnr5mha7bycj.cloudfront.net/product-image/file/large_66b65e6f-13a1-480e-b9ff-49c01f282505.png'}}",False,,,,,"Wed, 17 Jan 2024 10:58:11 GMT",Organic Honeycrisp Apples Bag,,False,"{'increment': 1, 'max': 100, 'min': 1}",,,"{'average_rating': 3.6667, 'user_count': 9}",product,,,3.0,,,,"{'result_set': 0, 'score': None}",907 g,b46d280d-8770-430f-8cbd-d8844df0e7e3,,,False,True,['organic'],"{'price': 0.01, 'uom': 'g'}",True,
,[],,,"{'source': 'DEF/ETL', 'stock_level': 0}",,True,lb,0.41,0.69,1,,"[{'id': '1', 'name': 'Produce'}, {'id': '2', 'name': 'Fruits'}, {'id': '3', 'name': 'Apples'}]",ea,{},00000000041350,8370,279,2,17650,"['delivery', 'instore', 'pickup']",/store_products/44272,172762127,3251365,44272,"{'tile': {'large': 'https://d2d8wwwkmhfcva.cloudfront.net/1200x/filters:fill(FFF,true):format(jpg)/d2lnr5mha7bycj.cloudfront.net/product-image/file/large_fda52644-51b7-40cd-8322-c698b7ea30c1.png', 'medium': 'https://d2d8wwwkmhfcva.cloudfront.net/800x/filters:fill(FFF,true):format(jpg)/d2lnr5mha7bycj.cloudfront.net/product-image/file/large_fda52644-51b7-40cd-8322-c698b7ea30c1.png', 'small': 'https://d2d8wwwkmhfcva.cloudfront.net/400x/filters:fill(FFF,true):format(jpg)/d2lnr5mha7bycj.cloudfront.net/product-image/file/large_fda52644-51b7-40cd-8322-c698b7ea30c1.png'}}",False,,,,,"Sat, 20 Jan 2024 14:44:00 GMT",Gala Apple,,False,"{'increment': 1, 'max': 100, 'min': 1}",,,"{'average_rating': 4.5, 'user_count': 2}",product,,,3.0,,,,"{'result_set': 0, 'score': None}",,b46d280d-8770-430f-8cbd-d8844df0e7e3,,,False,True,['none'],"{'price': 1.69, 'uom': 'lb'}",True,
,[],,,"{'source': 'DEF/ETL', 'stock_level': 0}",,True,lb,0.4,0.68,1,,"[{'id': '1', 'name': 'Produce'}, {'id': '2', 'name': 'Fruits'}, {'id': '3', 'name': 'Apples'}]",ea,{},00000000041300,8370,279,2,17650,"['delivery', 'instore', 'pickup']",/store_products/43550,172761552,3282896,43550,"{'tile': {'large': 'https://d2d8wwwkmhfcva.cloudfront.net/1200x/filters:fill(FFF,true):format(jpg)/d2lnr5mha7bycj.cloudfront.net/product-image/file/large_96677d46-fd1b-479d-85a7-3851a6b5a080.png', 'medium': 'https://d2d8wwwkmhfcva.cloudfront.net/800x/filters:fill(FFF,true):format(jpg)/d2lnr5mha7bycj.cloudfront.net/product-image/file/large_96677d46-fd1b-479d-85a7-3851a6b5a080.png', 'small': 'https://d2d8wwwkmhfcva.cloudfront.net/400x/filters:fill(FFF,true):format(jpg)/d2lnr5mha7bycj.cloudfront.net/product-image/file/large_96677d46-fd1b-479d-85a7-3851a6b5a080.png'}}",False,,,,,"Sat, 20 Jan 2024 14:44:00 GMT",Pink Lady Apple,,False,"{'increment': 1, 'max': 100, 'min': 1}",,,"{'average_rating': 4.411764705882353, 'user_count': 17}",product,,,3.0,,,,"{'result_set': 0, 'score': None}",,b46d280d-8770-430f-8cbd-d8844df0e7e3,,,False,True,['none'],"{'price': 1.69, 'uom': 'lb'}",True,
,[],,,"{'source': 'DEF/ETL', 'stock_level': 0}",,True,lb,0.42,0.84,1,,"[{'id': '1', 'name': 'Produce'}, {'id': '2', 'name': 'Fruits'}, {'id': '3', 'name': 'Apples'}]",ea,{},00000000040170,8370,279,2,17650,"['delivery', 'instore', 'pickup']",/store_products/7055,172760674,16614384,7055,"{'tile': {'large': 'https://d2d8wwwkmhfcva.cloudfront.net/1200x/filters:fill(FFF,true):format(jpg)/d2lnr5mha7bycj.cloudfront.net/product-image/file/large_18924ba7-f34b-402f-99ff-7e7d5f87ba89.png', 'medium': 'https://d2d8wwwkmhfcva.cloudfront.net/800x/filters:fill(FFF,true):format(jpg)/d2lnr5mha7bycj.cloudfront.net/product-image/file/large_18924ba7-f34b-402f-99ff-7e7d5f87ba89.png', 'small': 'https://d2d8wwwkmhfcva.cloudfront.net/400x/filters:fill(FFF,true):format(jpg)/d2lnr5mha7bycj.cloudfront.net/product-image/file/large_18924ba7-f34b-402f-99ff-7e7d5f87ba89.png'}}",False,,,,,"Tue, 12 Dec 2023 12:26:46 GMT",Granny Smith Apple,,False,"{'increment': 1, 'max': 100, 'min': 1}",,,"{'average_rating': 0, 'user_count': 0}",product,,,3.0,,,,"{'result_set': 0, 'score': None}",,b46d280d-8770-430f-8cbd-d8844df0e7e3,,,False,True,['none'],"{'price': 1.99, 'uom': 'lb'}",True,
,[],,,"{'source': 'DEF/ETL', 'stock_level': 0}",,True,,,3.99,1,viva tierra,"[{'id': '1', 'name': 'Produce'}, {'id': '2', 'name': 'Fruits'}, {'id': '3', 'name': 'Apples'}]",ea,{},00741839004318,8370,279,2,17650,"['delivery', 'instore', 'pickup']",/store_products/52442,514451994,18382931,52442,"{'tile': {'large': 'https://d2d8wwwkmhfcva.cloudfront.net/1200x/filters:fill(FFF,true):format(jpg)/d2lnr5mha7bycj.cloudfront.net/product-image/file/large_0c98c044-42eb-4a98-b153-a4d3c4b6f57f.png', 'medium': 'https://d2d8wwwkmhfcva.cloudfront.net/800x/filters:fill(FFF,true):format(jpg)/d2lnr5mha7bycj.cloudfront.net/product-image/file/large_0c98c044-42eb-4a98-b153-a4d3c4b6f57f.png', 'small': 'https://d2d8wwwkmhfcva.cloudfront.net/400x/filters:fill(FFF,true):format(jpg)/d2lnr5mha7bycj.cloudfront.net/product-image/file/large_0c98c044-42eb-4a98-b153-a4d3c4b6f57f.png'}}",False,,,,,"Sat, 13 Jan 2024 10:47:08 GMT",Organic Gala Apples Bag,,False,"{'increment': 1, 'max': 100, 'min': 1}",,,"{'average_rating': 4.6667, 'user_count': 3}",product,,,3.0,,,,"{'result_set': 0, 'score': None}",2 lb,b46d280d-8770-430f-8cbd-d8844df0e7e3,,,False,True,['organic'],"{'price': 2.0, 'uom': 'lb'}",True,
,[],,,"{'source': 'DEF/ETL', 'stock_level': 0}",,True,lb,0.43,1.07,1,,"[{'id': '1', 'name': 'Produce'}, {'id': '2', 'name': 'Fruits'}, {'id': '3', 'name': 'Apples'}]",ea,{},00000000941310,8370,279,2,17650,"['delivery', 'instore', 'pickup']",/store_products/44293,172761181,16345603,44293,"{'tile': {'large': 'https://d2d8wwwkmhfcva.cloudfront.net/1200x/filters:fill(FFF,true):format(jpg)/d2lnr5mha7bycj.cloudfront.net/product-image/file/large_813fbca6-2810-4349-8c77-8f09f981bcd7.png', 'medium': 'https://d2d8wwwkmhfcva.cloudfront.net/800x/filters:fill(FFF,true):format(jpg)/d2lnr5mha7bycj.cloudfront.net/product-image/file/large_813fbca6-2810-4349-8c77-8f09f981bcd7.png', 'small': 'https://d2d8wwwkmhfcva.cloudfront.net/400x/filters:fill(FFF,true):format(jpg)/d2lnr5mha7bycj.cloudfront.net/product-image/file/large_813fbca6-2810-4349-8c77-8f09f981bcd7.png'}}",False,,,,,"Tue, 12 Dec 2023 12:26:46 GMT",Organic Fuji Apple,,False,"{'increment': 1, 'max': 100, 'min': 1}",,,"{'average_rating': 4.375, 'user_count': 16}",product,,,3.0,,,,"{'result_set': 0, 'score': None}",,b46d280d-8770-430f-8cbd-d8844df0e7e3,,,False,True,['organic'],"{'price': 2.49, 'uom': 'lb'}",True,
,[],,,"{'source': 'DEF/ETL', 'stock_level': 0}",,True,lb,0.44,0.74,1,,"[{'id': '1', 'name': 'Produce'}, {'id': '2', 'name': 'Fruits'}, {'id': '3', 'name': 'Apples'}]",ea,{},00000000041310,8370,279,2,17650,"['delivery', 'instore', 'pickup']",/store_products/44271,172760567,3286985,44271,"{'tile': {'large': 'https://d2d8wwwkmhfcva.cloudfront.net/1200x/filters:fill(FFF,true):format(jpg)/d2lnr5mha7bycj.cloudfront.net/product-image/file/large_4a24a30f-fe28-45c1-97cf-f96d10312188.png', 'medium': 'https://d2d8wwwkmhfcva.cloudfront.net/800x/filters:fill(FFF,true):format(jpg)/d2lnr5mha7bycj.cloudfront.net/product-image/file/large_4a24a30f-fe28-45c1-97cf-f96d10312188.png', 'small': 'https://d2d8wwwkmhfcva.cloudfront.net/400x/filters:fill(FFF,true):format(jpg)/d2lnr5mha7bycj.cloudfront.net/product-image/file/large_4a24a30f-fe28-45c1-97cf-f96d10312188.png'}}",False,,,,,"Sat, 20 Jan 2024 14:44:00 GMT",Fuji Apple,,False,"{'increment': 1, 'max': 100, 'min': 1}",,,"{'average_rating': 4.6667, 'user_count': 15}",product,,,3.0,,,,"{'result_set': 0, 'score': None}",,b46d280d-8770-430f-8cbd-d8844df0e7e3,,,False,True,['none'],"{'price': 1.69, 'uom': 'lb'}",True,
,[],,,"{'source': 'DEF/ETL', 'stock_level': 0}",,True,,,4.99,1,,"[{'id': '1', 'name': 'Produce'}, {'id': '2', 'name': 'Fruits'}, {'id': '3', 'name': 'Apples'}]",ea,{},00000000942100,8370,279,2,17650,"['delivery', 'instore', 'pickup']",/store_products/43794,636080183,16553269,43794,"{'tile': {'large': 'https://d2d8wwwkmhfcva.cloudfront.net/1200x/filters:fill(FFF,true):format(jpg)/d2lnr5mha7bycj.cloudfront.net/product-image/file/large_189da1be-0098-4824-b78a-27f6c9189547.png', 'medium': 'https://d2d8wwwkmhfcva.cloudfront.net/800x/filters:fill(FFF,true):format(jpg)/d2lnr5mha7bycj.cloudfront.net/product-image/file/large_189da1be-0098-4824-b78a-27f6c9189547.png', 'small': 'https://d2d8wwwkmhfcva.cloudfront.net/400x/filters:fill(FFF,true):format(jpg)/d2lnr5mha7bycj.cloudfront.net/product-image/file/large_189da1be-0098-4824-b78a-27f6c9189547.png'}}",False,,,,,"Wed, 17 Jan 2024 10:58:11 GMT",Organic Pink Lady Apples Bag,,False,"{'increment': 1, 'max': 100, 'min': 1}",,,"{'average_rating': 2.6666666666666665, 'user_count': 3}",product,,,3.0,,,,"{'result_set': 0, 'score': None}",3 lb bag,b46d280d-8770-430f-8cbd-d8844df0e7e3,,,False,True,['organic'],"{'price': 1.66, 'uom': 'lb bag'}",True,
,[],,,"{'source': 'DEF/ETL', 'stock_level': 0}",,True,lb,0.41,0.28,1,,"[{'id': '1', 'name': 'Produce'}, {'id': '2', 'name': 'Fruits'}, {'id': '4', 'name': 'Tropical Fruit'}]",ea,{},00000000940110,8370,279,2,17650,"['delivery', 'instore', 'pickup']",/store_products/25364340,380937568567,2634845,25364340,"{'tile': {'large': 'https://d2d8wwwkmhfcva.cloudfront.net/1200x/filters:fill(FFF,true):format(jpg)/d2lnr5mha7bycj.cloudfront.net/product-image/file/large_839d7037-01ed-402b-b995-3ee037c94485.png', 'medium': 'https://d2d8wwwkmhfcva.cloudfront.net/800x/filters:fill(FFF,true):format(jpg)/d2lnr5mha7bycj.cloudfront.net/product-image/file/large_839d7037-01ed-402b-b995-3ee037c94485.png', 'small': 'https://d2d8wwwkmhfcva.cloudfront.net/400x/filters:fill(FFF,true):format(jpg)/d2lnr5mha7bycj.cloudfront.net/product-image/file/large_839d7037-01ed-402b-b995-3ee037c94485.png'}}",False,,,,,"Sat, 16 Dec 2023 04:04:13 GMT",Organic Banana,,False,"{'increment': 1, 'max': 100, 'min': 1}",,,"{'average_rating': 4.5743, 'user_count': 202}",product,,,3.0,,,,"{'result_set': 0, 'score': None}",1 lb,b46d280d-8770-430f-8cbd-d8844df0e7e3,,,False,True,['organic'],"{'price': 0.69, 'uom': 'lb'}",True,
,[],,,"{'source': 'DEF/ETL', 'stock_level': 0}",,True,,,4.99,1,covilli,"[{'id': '1', 'name': 'Produce'}, {'id': '2', 'name': 'Fruits'}, {'id': '3', 'name': 'Apples'}]",ea,{},00831344000445,8370,279,2,17650,"['delivery', 'instore', 'pickup']",/store_products/76014,38024913288,18853374,76014,"{'tile': {'large': 'https://d2d8wwwkmhfcva.cloudfront.net/1200x/filters:fill(FFF,true):format(jpg)/d2lnr5mha7bycj.cloudfront.net/product-image/file/large_a5819acb-cca3-456a-89e3-95968a18f6af.png', 'medium': 'https://d2d8wwwkmhfcva.cloudfront.net/800x/filters:fill(FFF,true):format(jpg)/d2lnr5mha7bycj.cloudfront.net/product-image/file/large_a5819acb-cca3-456a-89e3-95968a18f6af.png', 'small': 'https://d2d8wwwkmhfcva.cloudfront.net/400x/filters:fill(FFF,true):format(jpg)/d2lnr5mha7bycj.cloudfront.net/product-image/file/large_a5819acb-cca3-456a-89e3-95968a18f6af.png'}}",False,,,,,"Sun, 28 Jan 2024 10:15:11 GMT",Covilli Organic Sundowner Apples Bag,,False,"{'increment': 1, 'max': 100, 'min': 1}",,,"{'average_rating': 0, 'user_count': 0}",product,,,3.0,,,,"{'result_set': 0, 'score': None}",3 lb,b46d280d-8770-430f-8cbd-d8844df0e7e3,,,False,True,['organic'],"{'price': 1.66, 'uom': 'lb'}",True,
,[],,,"{'source': 'DEF/ETL', 'stock_level': 0}",,True,,,4.99,1,,"[{'id': '1', 'name': 'Produce'}, {'id': '2', 'name': 'Fruits'}, {'id': '7', 'name': 'Citrus'}]",ea,{},00791928508128,8370,279,2,17650,"['delivery', 'instore', 'pickup']",/store_products/25305104,395396866519,3281882,25305104,"{'tile': {'large': 'https://d2d8wwwkmhfcva.cloudfront.net/1200x/filters:fill(FFF,true):format(jpg)/d2lnr5mha7bycj.cloudfront.net/product-image/file/large_84b87cd9-b884-4f75-a1a9-81f7061dd071.png', 'medium': 'https://d2d8wwwkmhfcva.cloudfront.net/800x/filters:fill(FFF,true):format(jpg)/d2lnr5mha7bycj.cloudfront.net/product-image/file/large_84b87cd9-b884-4f75-a1a9-81f7061dd071.png', 'small': 'https://d2d8wwwkmhfcva.cloudfront.net/400x/filters:fill(FFF,true):format(jpg)/d2lnr5mha7bycj.cloudfront.net/product-image/file/large_84b87cd9-b884-4f75-a1a9-81f7061dd071.png'}}",False,,,,,"Wed, 31 Jan 2024 12:24:19 GMT","Organic Raspberry Oranges Punnet, 4 Count",,False,"{'increment': 1, 'max': 100, 'min': 1}",,,"{'average_rating': 4.3333, 'user_count': 6}",product,Save $1.01,Save 20%,3.0,2024-02-03T00:59:59-07:00,3.98,1.0,"{'result_set': 0, 'score': None}",6 oz container,b46d280d-8770-430f-8cbd-d8844df0e7e3,,,False,True,['organic'],"{'price': 0.66, 'uom': 'oz container'}",True,
,[],,,"{'source': 'DEF/ETL', 'stock_level': 0}",,True,lb,0.7,1.39,1,cosmic crisp,"[{'id': '1', 'name': 'Produce'}, {'id': '2', 'name': 'Fruits'}, {'id': '3', 'name': 'Apples'}]",ea,{},00000000035070,8370,279,2,17650,"['delivery', 'instore', 'pickup']",/store_products/57242,2563531667,21042871,57242,"{'tile': {'large': 'https://d2d8wwwkmhfcva.cloudfront.net/1200x/filters:fill(FFF,true):format(jpg)/d2lnr5mha7bycj.cloudfront.net/product-image/file/large_ef6fa9e8-0242-4775-8233-fdec66b87f5f.png', 'medium': 'https://d2d8wwwkmhfcva.cloudfront.net/800x/filters:fill(FFF,true):format(jpg)/d2lnr5mha7bycj.cloudfront.net/product-image/file/large_ef6fa9e8-0242-4775-8233-fdec66b87f5f.png', 'small': 'https://d2d8wwwkmhfcva.cloudfront.net/400x/filters:fill(FFF,true):format(jpg)/d2lnr5mha7bycj.cloudfront.net/product-image/file/large_ef6fa9e8-0242-4775-8233-fdec66b87f5f.png'}}",False,,,,,"Wed, 31 Jan 2024 12:24:19 GMT",Cosmic Crisp Apple,,False,"{'increment': 1, 'max': 100, 'min': 1}",,,"{'average_rating': 4.8, 'user_count': 15}",product,,,3.0,,,,"{'result_set': 0, 'score': None}",,b46d280d-8770-430f-8cbd-d8844df0e7e3,,,False,True,['none'],"{'price': 1.99, 'uom': 'lb'}",True,
,[],,,"{'source': 'DEF/ETL', 'stock_level': 0}",,True,lb,0.4,0.92,1,,"[{'id': '1', 'name': 'Produce'}, {'id': '2', 'name': 'Fruits'}, {'id': '3', 'name': 'Apples'}]",ea,{},00000000941300,8370,279,2,17650,"['delivery', 'instore', 'pickup']",/store_products/8888,173632957,16616998,8888,"{'tile': {'large': 'https://d2d8wwwkmhfcva.cloudfront.net/1200x/filters:fill(FFF,true):format(jpg)/d2lnr5mha7bycj.cloudfront.net/product-image/file/large_761bcffe-e4ee-477d-b5f1-f74386774ec5.png', 'medium': 'https://d2d8wwwkmhfcva.cloudfront.net/800x/filters:fill(FFF,true):format(jpg)/d2lnr5mha7bycj.cloudfront.net/product-image/file/large_761bcffe-e4ee-477d-b5f1-f74386774ec5.png', 'small': 'https://d2d8wwwkmhfcva.cloudfront.net/400x/filters:fill(FFF,true):format(jpg)/d2lnr5mha7bycj.cloudfront.net/product-image/file/large_761bcffe-e4ee-477d-b5f1-f74386774ec5.png'}}",False,,,,,"Sat, 27 Jan 2024 13:22:06 GMT",Organic Pink Lady Apple,,False,"{'increment': 1, 'max': 100, 'min': 1}",,,"{'average_rating': 0, 'user_count': 0}",product,,,3.0,,,,"{'result_set': 0, 'score': None}",,b46d280d-8770-430f-8cbd-d8844df0e7e3,,,False,True,['organic'],"{'price': 2.29, 'uom': 'lb'}",True,
,[],,,"{'source': 'DEF/ETL', 'stock_level': 0}",,True,lb,0.4,1.2,1,,"[{'id': '1', 'name': 'Produce'}, {'id': '2', 'name': 'Fruits'}, {'id': '3', 'name': 'Apples'}]",ea,{},00000000036030,8370,279,2,17650,"['delivery', 'instore', 'pickup']",/store_products/77048,450418124,16345710,77048,"{'tile': {'large': 'https://d2d8wwwkmhfcva.cloudfront.net/1200x/filters:fill(FFF,true):format(jpg)/d2lnr5mha7bycj.cloudfront.net/product-image/file/large_1fcd8d6a-6660-4e15-b73c-e2f73383ce70.png', 'medium': 'https://d2d8wwwkmhfcva.cloudfront.net/800x/filters:fill(FFF,true):format(jpg)/d2lnr5mha7bycj.cloudfront.net/product-image/file/large_1fcd8d6a-6660-4e15-b73c-e2f73383ce70.png', 'small': 'https://d2d8wwwkmhfcva.cloudfront.net/400x/filters:fill(FFF,true):format(jpg)/d2lnr5mha7bycj.cloudfront.net/product-image/file/large_1fcd8d6a-6660-4e15-b73c-e2f73383ce70.png'}}",False,,,,,"Wed, 31 Jan 2024 12:24:19 GMT",SweeTango Apple,,False,"{'increment': 1, 'max': 100, 'min': 1}",,,"{'average_rating': 4.333333333333333, 'user_count': 3}",product,Save $1.01/lb,Save 34%,3.0,2024-02-07T00:59:59-07:00,0.79,1.0,"{'result_set': 0, 'score': None}",1 ct,b46d280d-8770-430f-8cbd-d8844df0e7e3,,,False,True,['none'],"{'price': 1.98, 'uom': 'lb'}",True,
,[],,,"{'source': 'DEF/ETL', 'stock_level': 0}",,True,,,4.99,1,,"[{'id': '1', 'name': 'Produce'}, {'id': '2', 'name': 'Fruits'}, {'id': '7', 'name': 'Citrus'}]",ea,{},00014668410019,8370,279,2,17650,"['delivery', 'instore', 'pickup']",/store_products/77900,38024917800,18595113,77900,"{'tile': {'large': 'https://d2d8wwwkmhfcva.cloudfront.net/1200x/filters:fill(FFF,true):format(jpg)/d2lnr5mha7bycj.cloudfront.net/product-image/file/large_2a45ddcd-5084-4b4b-afda-386fd9f381e5.png', 'medium': 'https://d2d8wwwkmhfcva.cloudfront.net/800x/filters:fill(FFF,true):format(jpg)/d2lnr5mha7bycj.cloudfront.net/product-image/file/large_2a45ddcd-5084-4b4b-afda-386fd9f381e5.png', 'small': 'https://d2d8wwwkmhfcva.cloudfront.net/400x/filters:fill(FFF,true):format(jpg)/d2lnr5mha7bycj.cloudfront.net/product-image/file/large_2a45ddcd-5084-4b4b-afda-386fd9f381e5.png'}}",False,,,,,"Wed, 31 Jan 2024 12:24:19 GMT",Organic Mandarins Bag,,False,"{'increment': 1, 'max': 100, 'min': 1}",,,"{'average_rating': 3.6667, 'user_count': 3}",product,,,3.0,,,,"{'result_set': 0, 'score': None}",2 lb bag,b46d280d-8770-430f-8cbd-d8844df0e7e3,,,False,True,"['non-gmo', 'organic']","{'price': 2.5, 'uom': 'lb bag'}",True,
,[],,,"{'source': 'DEF/ETL', 'stock_level': 0}",,True,,,4.99,1,,"[{'id': '1', 'name': 'Produce'}, {'id': '2', 'name': 'Fruits'}, {'id': '5', 'name': 'Berries'}]",ea,{},00000000040280,8370,279,2,17650,"['delivery', 'instore', 'pickup']",/store_products/7065,172761099,16383764,7065,"{'tile': {'large': 'https://d2d8wwwkmhfcva.cloudfront.net/1200x/filters:fill(FFF,true):format(jpg)/d2lnr5mha7bycj.cloudfront.net/product-image/file/large_e8f5aca4-6c52-42ea-b52d-9101a74590af.png', 'medium': 'https://d2d8wwwkmhfcva.cloudfront.net/800x/filters:fill(FFF,true):format(jpg)/d2lnr5mha7bycj.cloudfront.net/product-image/file/large_e8f5aca4-6c52-42ea-b52d-9101a74590af.png', 'small': 'https://d2d8wwwkmhfcva.cloudfront.net/400x/filters:fill(FFF,true):format(jpg)/d2lnr5mha7bycj.cloudfront.net/product-image/file/large_e8f5aca4-6c52-42ea-b52d-9101a74590af.png'}}",False,,,,,"Wed, 31 Jan 2024 12:24:19 GMT",Strawberries,"[{'badge_type': None, 'clipped': None, 'display_badge': True, 'end_date': '2024-02-13T23:59:00-07:00', 'has_details': True, 'href': '/offers/19762', 'id': '19762', 'is_not_actionable': None, 'offer_type': 'offer', 'points': None}]",False,"{'increment': 1, 'max': 100, 'min': 1}",,,"{'average_rating': 4.0267, 'user_count': 187}",product,,,3.0,,,,"{'result_set': 0, 'score': None}",1 lb Container,b46d280d-8770-430f-8cbd-d8844df0e7e3,,,False,True,['none'],"{'price': 4.99, 'uom': 'lb container'}",True,
,[],,,"{'source': 'DEF/ETL', 'stock_level': 0}",,True,lb,0.38,0.95,1,,"[{'id': '1', 'name': 'Produce'}, {'id': '2', 'name': 'Fruits'}, {'id': '3', 'name': 'Apples'}]",ea,{},00000000941350,8370,279,2,17650,"['delivery', 'instore', 'pickup']",/store_products/44294,172762106,3260671,44294,"{'tile': {'large': 'https://d2d8wwwkmhfcva.cloudfront.net/1200x/filters:fill(FFF,true):format(jpg)/d2lnr5mha7bycj.cloudfront.net/product-image/file/large_92d03080-f36a-45d6-a857-fdbe6d191833.png', 'medium': 'https://d2d8wwwkmhfcva.cloudfront.net/800x/filters:fill(FFF,true):format(jpg)/d2lnr5mha7bycj.cloudfront.net/product-image/file/large_92d03080-f36a-45d6-a857-fdbe6d191833.png', 'small': 'https://d2d8wwwkmhfcva.cloudfront.net/400x/filters:fill(FFF,true):format(jpg)/d2lnr5mha7bycj.cloudfront.net/product-image/file/large_92d03080-f36a-45d6-a857-fdbe6d191833.png'}}",False,,,,,"Wed, 27 Dec 2023 09:49:06 GMT",Organic Gala Apple,,False,"{'increment': 1, 'max': 100, 'min': 1}",,,"{'average_rating': 0, 'user_count': 0}",product,,,3.0,,,,"{'result_set': 0, 'score': None}",1 ct,b46d280d-8770-430f-8cbd-d8844df0e7e3,,,False,True,['organic'],"{'price': 2.49, 'uom': 'lb'}",True,
,[],,,"{'source': 'DEF/ETL', 'stock_level': 0}",,True,,,9.99,1,,"[{'id': '1', 'name': 'Produce'}, {'id': '2', 'name': 'Fruits'}, {'id': '3', 'name': 'Apples'}]",ea,{},00888289403800,8370,279,2,17650,"['delivery', 'instore', 'pickup']",/store_products/81222,197686602381,23021684,81222,"{'tile': {'large': 'https://d2d8wwwkmhfcva.cloudfront.net/1200x/filters:fill(FFF,true):format(jpg)/d2lnr5mha7bycj.cloudfront.net/product-image/file/large_39ed4701-2766-4f90-a8bb-da9293e3d6c0.png', 'medium': 'https://d2d8wwwkmhfcva.cloudfront.net/800x/filters:fill(FFF,true):format(jpg)/d2lnr5mha7bycj.cloudfront.net/product-image/file/large_39ed4701-2766-4f90-a8bb-da9293e3d6c0.png', 'small': 'https://d2d8wwwkmhfcva.cloudfront.net/400x/filters:fill(FFF,true):format(jpg)/d2lnr5mha7bycj.cloudfront.net/product-image/file/large_39ed4701-2766-4f90-a8bb-da9293e3d6c0.png'}}",False,,,,,"Wed, 31 Jan 2024 12:24:19 GMT",Organic Rockit Apples Tub,"[{'badge_type': None, 'clipped': None, 'display_badge': True, 'end_date': '2024-02-13T23:59:00-07:00', 'has_details': True, 'href': '/offers/19679', 'id': '19679', 'is_not_actionable': None, 'offer_type': 'offer', 'points': None}]",False,"{'increment': 1, 'max': 100, 'min': 1}",,,"{'average_rating': 4.765182186234818, 'user_count': 247}",product,,,3.0,,,,"{'result_set': 0, 'score': None}",2 lb,b46d280d-8770-430f-8cbd-d8844df0e7e3,,,False,True,['organic'],"{'price': 5.0, 'uom': 'lb'}",True,
,[],,,"{'source': 'DEF/ETL', 'stock_level': 0}",,True,lb,0.41,0.41,1,,"[{'id': '1', 'name': 'Produce'}, {'id': '2', 'name': 'Fruits'}, {'id': '3', 'name': 'Apples'}]",ea,{},00000000040200,8370,279,2,17650,"['delivery', 'instore', 'pickup']",/store_products/43549,172688666,16614364,43549,"{'tile': {'large': 'https://d2d8wwwkmhfcva.cloudfront.net/1200x/filters:fill(FFF,true):format(jpg)/d2lnr5mha7bycj.cloudfront.net/product-image/file/large_96daed59-f715-4067-8558-e61376f89fef.png', 'medium': 'https://d2d8wwwkmhfcva.cloudfront.net/800x/filters:fill(FFF,true):format(jpg)/d2lnr5mha7bycj.cloudfront.net/product-image/file/large_96daed59-f715-4067-8558-e61376f89fef.png', 'small': 'https://d2d8wwwkmhfcva.cloudfront.net/400x/filters:fill(FFF,true):format(jpg)/d2lnr5mha7bycj.cloudfront.net/product-image/file/large_96daed59-f715-4067-8558-e61376f89fef.png'}}",False,,,,,"Fri, 26 Jan 2024 09:57:07 GMT",Golden Delicious Apple,,False,"{'increment': 1, 'max': 100, 'min': 1}",,,"{'average_rating': 0, 'user_count': 0}",product,,,3.0,,,,"{'result_set': 0, 'score': None}",1 ct,b46d280d-8770-430f-8cbd-d8844df0e7e3,,,False,True,['none'],"{'price': 0.99, 'uom': 'lb'}",True,
,[],,,"{'source': 'DEF/ETL', 'stock_level': 0}",,True,,,5.99,1,,"[{'id': '1', 'name': 'Produce'}, {'id': '2', 'name': 'Fruits'}, {'id': '3', 'name': 'Apples'}]",ea,{},00888289404210,8370,279,2,17650,"['delivery', 'instore', 'pickup']",/store_products/81323,202365972497,20944624,81323,"{'tile': {'large': 'https://d2d8wwwkmhfcva.cloudfront.net/1200x/filters:fill(FFF,true):format(jpg)/d2lnr5mha7bycj.cloudfront.net/product-image/file/large_498cc7c8-cdfb-46b0-ab96-0d4ced979ded.png', 'medium': 'https://d2d8wwwkmhfcva.cloudfront.net/800x/filters:fill(FFF,true):format(jpg)/d2lnr5mha7bycj.cloudfront.net/product-image/file/large_498cc7c8-cdfb-46b0-ab96-0d4ced979ded.png', 'small': 'https://d2d8wwwkmhfcva.cloudfront.net/400x/filters:fill(FFF,true):format(jpg)/d2lnr5mha7bycj.cloudfront.net/product-image/file/large_498cc7c8-cdfb-46b0-ab96-0d4ced979ded.png'}}",False,,,,,"Wed, 31 Jan 2024 12:24:19 GMT",Organic SugarBee Apples Bag,"[{'badge_type': None, 'clipped': None, 'display_badge': True, 'end_date': '2024-02-13T23:59:00-07:00', 'has_details': True, 'href': '/offers/19764', 'id': '19764', 'is_not_actionable': None, 'offer_type': 'offer', 'points': None}]",False,"{'increment': 1, 'max': 100, 'min': 1}",,,"{'average_rating': 4.2727, 'user_count': 11}",product,,,3.0,,,,"{'result_set': 0, 'score': None}",2 lb,b46d280d-8770-430f-8cbd-d8844df0e7e3,,,False,True,['organic'],"{'price': 3.0, 'uom': 'lb'}",True,
,[],,,"{'source': 'DEF/ETL', 'stock_level': 0}",,True,,,5.99,1,,"[{'id': '1', 'name': 'Produce'}, {'id': '2', 'name': 'Fruits'}, {'id': '7', 'name': 'Citrus'}]",ea,{},00000000044740,8370,279,2,17650,"['delivery', 'instore', 'pickup']",/store_products/51147,303020353,16724414,51147,"{'tile': {'large': 'https://d2d8wwwkmhfcva.cloudfront.net/1200x/filters:fill(FFF,true):format(jpg)/d2lnr5mha7bycj.cloudfront.net/product-image/file/large_71ac2035-7313-4cee-8d31-4980bd7f16fd.png', 'medium': 'https://d2d8wwwkmhfcva.cloudfront.net/800x/filters:fill(FFF,true):format(jpg)/d2lnr5mha7bycj.cloudfront.net/product-image/file/large_71ac2035-7313-4cee-8d31-4980bd7f16fd.png', 'small': 'https://d2d8wwwkmhfcva.cloudfront.net/400x/filters:fill(FFF,true):format(jpg)/d2lnr5mha7bycj.cloudfront.net/product-image/file/large_71ac2035-7313-4cee-8d31-4980bd7f16fd.png'}}",False,,,,,"Wed, 31 Jan 2024 12:24:19 GMT",Mandarins Bag,"[{'badge_type': None, 'clipped': None, 'display_badge': True, 'end_date': '2024-02-13T23:59:00-07:00', 'has_details': True, 'href': '/offers/19714', 'id': '19714', 'is_not_actionable': None, 'offer_type': 'offer', 'points': None}]",False,"{'increment': 1, 'max': 100, 'min': 1}",,,"{'average_rating': 4.1683168316831685, 'user_count': 101}",product,,,3.0,,,,"{'result_set': 0, 'score': None}",3 lb bag,b46d280d-8770-430f-8cbd-d8844df0e7e3,,,False,True,['none'],"{'price': 2.0, 'uom': 'lb bag'}",True,
,[],,,"{'source': 'DEF/ETL', 'stock_level': 0}",,True,,,3.99,1,,"[{'id': '1', 'name': 'Produce'}, {'id': '2', 'name': 'Fruits'}, {'id': '5', 'name': 'Berries'}]",ea,{},00000000044620,8370,279,2,17650,"['delivery', 'instore', 'pickup']",/store_products/7272,172761717,17327026,7272,"{'tile': {'large': 'https://d2d8wwwkmhfcva.cloudfront.net/1200x/filters:fill(FFF,true):format(jpg)/d2lnr5mha7bycj.cloudfront.net/product-image/file/large_8d4d3d6a-0ef3-48ca-a896-b0d9aff18152.png', 'medium': 'https://d2d8wwwkmhfcva.cloudfront.net/800x/filters:fill(FFF,true):format(jpg)/d2lnr5mha7bycj.cloudfront.net/product-image/file/large_8d4d3d6a-0ef3-48ca-a896-b0d9aff18152.png', 'small': 'https://d2d8wwwkmhfcva.cloudfront.net/400x/filters:fill(FFF,true):format(jpg)/d2lnr5mha7bycj.cloudfront.net/product-image/file/large_8d4d3d6a-0ef3-48ca-a896-b0d9aff18152.png'}}",False,,,,,"Wed, 31 Jan 2024 12:24:19 GMT",Blueberries,,False,"{'increment': 1, 'max': 100, 'min': 1}",,,"{'average_rating': 4.458823529411765, 'user_count': 85}",product,Save $1.01,Save 25%,3.0,2024-02-07T00:59:59-07:00,2.98,1.0,"{'result_set': 0, 'score': None}",6 oz,b46d280d-8770-430f-8cbd-d8844df0e7e3,,,False,True,['none'],"{'price': 0.5, 'uom': 'oz'}",True,
,[],,,"{'source': 'DEF/ETL', 'stock_level': 0}",,True,,,1.99,1,,"[{'id': '1', 'name': 'Produce'}, {'id': '13', 'name': 'Vegetables'}, {'id': '26', 'name': 'Broccoli, Cauliflower & Celery'}]",ea,{},00000000040700,8370,279,2,17650,"['delivery', 'instore', 'pickup']",/store_products/7099,172760608,2717598,7099,"{'tile': {'large': 'https://d2d8wwwkmhfcva.cloudfront.net/1200x/filters:fill(FFF,true):format(jpg)/d2lnr5mha7bycj.cloudfront.net/product-image/file/large_5aac7b16-e612-415d-974a-27d3e33e6fc9.png', 'medium': 'https://d2d8wwwkmhfcva.cloudfront.net/800x/filters:fill(FFF,true):format(jpg)/d2lnr5mha7bycj.cloudfront.net/product-image/file/large_5aac7b16-e612-415d-974a-27d3e33e6fc9.png', 'small': 'https://d2d8wwwkmhfcva.cloudfront.net/400x/filters:fill(FFF,true):format(jpg)/d2lnr5mha7bycj.cloudfront.net/product-image/file/large_5aac7b16-e612-415d-974a-27d3e33e6fc9.png'}}",False,,,,,"Tue, 12 Dec 2023 12:26:46 GMT",Celery,,False,"{'increment': 1, 'max': 100, 'min': 1}",,,"{'average_rating': 5.0, 'user_count': 2}",product,,,3.0,,,,"{'result_set': 0, 'score': None}",,b46d280d-8770-430f-8cbd-d8844df0e7e3,,,False,True,['none'],"{'price': None, 'uom': None}",True,
,[],,,"{'source': 'DEF/ETL', 'stock_level': 0}",,True,,,6.99,1,,"[{'id': '1', 'name': 'Produce'}, {'id': '2', 'name': 'Fruits'}, {'id': '5', 'name': 'Berries'}]",ea,{},00000000940280,8370,279,2,17650,"['delivery', 'instore', 'pickup']",/store_products/8822,111953498852,17328392,8822,"{'tile': {'large': 'https://d2d8wwwkmhfcva.cloudfront.net/1200x/filters:fill(FFF,true):format(jpg)/d2lnr5mha7bycj.cloudfront.net/product-image/file/large_29c3f797-a0cc-4241-a43b-141a1f0dcbf7.png', 'medium': 'https://d2d8wwwkmhfcva.cloudfront.net/800x/filters:fill(FFF,true):format(jpg)/d2lnr5mha7bycj.cloudfront.net/product-image/file/large_29c3f797-a0cc-4241-a43b-141a1f0dcbf7.png', 'small': 'https://d2d8wwwkmhfcva.cloudfront.net/400x/filters:fill(FFF,true):format(jpg)/d2lnr5mha7bycj.cloudfront.net/product-image/file/large_29c3f797-a0cc-4241-a43b-141a1f0dcbf7.png'}}",False,,,,,"Wed, 31 Jan 2024 12:24:19 GMT",Organic Strawberries,,False,"{'increment': 1, 'max': 100, 'min': 1}",,,"{'average_rating': 3.8923, 'user_count': 130}",product,Save $2.01,Save 29%,3.0,2024-02-07T00:59:59-07:00,4.98,1.0,"{'result_set': 0, 'score': None}",16 oz,b46d280d-8770-430f-8cbd-d8844df0e7e3,,,False,True,['organic'],"{'price': 0.31, 'uom': 'oz'}",True,
,[],,,"{'source': 'DEF/ETL', 'stock_level': 0}",,True,,,3.49,1,,"[{'id': '1', 'name': 'Produce'}, {'id': '2', 'name': 'Fruits'}, {'id': '5', 'name': 'Berries'}]",ea,{},00000000042390,8370,279,2,17650,"['delivery', 'instore', 'pickup']",/store_products/7169,172762553,2619006,7169,"{'tile': {'large': 'https://d2d8wwwkmhfcva.cloudfront.net/1200x/filters:fill(FFF,true):format(jpg)/d2lnr5mha7bycj.cloudfront.net/product-image/file/large_c1cadadf-1e2e-4641-83f1-ac88c0248cc8.png', 'medium': 'https://d2d8wwwkmhfcva.cloudfront.net/800x/filters:fill(FFF,true):format(jpg)/d2lnr5mha7bycj.cloudfront.net/product-image/file/large_c1cadadf-1e2e-4641-83f1-ac88c0248cc8.png', 'small': 'https://d2d8wwwkmhfcva.cloudfront.net/400x/filters:fill(FFF,true):format(jpg)/d2lnr5mha7bycj.cloudfront.net/product-image/file/large_c1cadadf-1e2e-4641-83f1-ac88c0248cc8.png'}}",False,,,,,"Wed, 31 Jan 2024 12:24:19 GMT",Blackberries,,False,"{'increment': 1, 'max': 100, 'min': 1}",,,"{'average_rating': 4.3163, 'user_count': 98}",product,Save $0.51,Save 15%,3.0,2024-02-07T00:59:59-07:00,2.98,1.0,"{'result_set': 0, 'score': None}",5.6 oz container,b46d280d-8770-430f-8cbd-d8844df0e7e3,,,False,True,['none'],"{'price': 0.53, 'uom': 'oz container'}",True,
,[],,,"{'source': 'DEF/ETL', 'stock_level': 0}",,True,lb,0.5,1.25,1,,"[{'id': '1', 'name': 'Produce'}, {'id': '2', 'name': 'Fruits'}, {'id': '3', 'name': 'Apples'}]",ea,{},00000000033150,8370,279,2,17650,"['delivery', 'instore', 'pickup']",/store_products/7008,172760436,16345637,7008,"{'tile': {'large': 'https://d2d8wwwkmhfcva.cloudfront.net/1200x/filters:fill(FFF,true):format(jpg)/d2lnr5mha7bycj.cloudfront.net/product-image/file/large_a67312fd-ca83-48a1-b82d-a899e25c37de.png', 'medium': 'https://d2d8wwwkmhfcva.cloudfront.net/800x/filters:fill(FFF,true):format(jpg)/d2lnr5mha7bycj.cloudfront.net/product-image/file/large_a67312fd-ca83-48a1-b82d-a899e25c37de.png', 'small': 'https://d2d8wwwkmhfcva.cloudfront.net/400x/filters:fill(FFF,true):format(jpg)/d2lnr5mha7bycj.cloudfront.net/product-image/file/large_a67312fd-ca83-48a1-b82d-a899e25c37de.png'}}",False,,,,,"Tue, 23 Jan 2024 09:41:04 GMT",Envy Apple,,False,"{'increment': 1, 'max': 100, 'min': 1}",,,"{'average_rating': 5.0, 'user_count': 1}",product,,,3.0,,,,"{'result_set': 0, 'score': None}",,b46d280d-8770-430f-8cbd-d8844df0e7e3,,,False,True,['none'],"{'price': 2.49, 'uom': 'lb'}",True,
,[],,,"{'source': 'DEF/ETL', 'stock_level': 0}",,True,lb,0.43,0.25,1,,"[{'id': '1', 'name': 'Produce'}, {'id': '2', 'name': 'Fruits'}, {'id': '4', 'name': 'Tropical Fruit'}]",ea,{},00000000040110,8370,279,2,17650,"['delivery', 'instore', 'pickup']",/store_products/7053,696776586,17533153,7053,"{'tile': {'large': 'https://d2d8wwwkmhfcva.cloudfront.net/1200x/filters:fill(FFF,true):format(jpg)/d2lnr5mha7bycj.cloudfront.net/product-image/file/large_52141827-5b40-4725-beba-0ce19b0a2da0.png', 'medium': 'https://d2d8wwwkmhfcva.cloudfront.net/800x/filters:fill(FFF,true):format(jpg)/d2lnr5mha7bycj.cloudfront.net/product-image/file/large_52141827-5b40-4725-beba-0ce19b0a2da0.png', 'small': 'https://d2d8wwwkmhfcva.cloudfront.net/400x/filters:fill(FFF,true):format(jpg)/d2lnr5mha7bycj.cloudfront.net/product-image/file/large_52141827-5b40-4725-beba-0ce19b0a2da0.png'}}",False,,,,,"Tue, 12 Dec 2023 12:26:46 GMT",Banana,,False,"{'increment': 1, 'max': 100, 'min': 1}",,,"{'average_rating': 4.3667, 'user_count': 180}",product,,,3.0,,,,"{'result_set': 0, 'score': None}",,b46d280d-8770-430f-8cbd-d8844df0e7e3,,,False,True,['none'],"{'price': 0.59, 'uom': 'lb'}",True,
,[],,,"{'source': 'DEF/ETL', 'stock_level': 0}",,True,,,4.99,1,,"[{'id': '1', 'name': 'Produce'}, {'id': '2', 'name': 'Fruits'}, {'id': '4', 'name': 'Tropical Fruit'}]",ea,{},00000000030400,8370,279,2,17650,"['delivery', 'instore', 'pickup']",/store_products/6913,391372786,16346073,6913,"{'tile': {'large': 'https://d2d8wwwkmhfcva.cloudfront.net/1200x/filters:fill(FFF,true):format(jpg)/d2lnr5mha7bycj.cloudfront.net/product-image/file/large_793c1ff6-fb36-4e9e-a64f-5c150b9fa3c0.png', 'medium': 'https://d2d8wwwkmhfcva.cloudfront.net/800x/filters:fill(FFF,true):format(jpg)/d2lnr5mha7bycj.cloudfront.net/product-image/file/large_793c1ff6-fb36-4e9e-a64f-5c150b9fa3c0.png', 'small': 'https://d2d8wwwkmhfcva.cloudfront.net/400x/filters:fill(FFF,true):format(jpg)/d2lnr5mha7bycj.cloudfront.net/product-image/file/large_793c1ff6-fb36-4e9e-a64f-5c150b9fa3c0.png'}}",False,,,,,"Wed, 31 Jan 2024 12:24:19 GMT",Red White Flesh Dragon Fruit,"[{'badge_type': None, 'clipped': None, 'display_badge': True, 'end_date': '2024-02-13T23:59:00-07:00', 'has_details': True, 'href': '/offers/19746', 'id': '19746', 'is_not_actionable': None, 'offer_type': 'offer', 'points': None}]",False,"{'increment': 1, 'max': 100, 'min': 1}",,,"{'average_rating': 3.6667, 'user_count': 3}",product,,,3.0,,,,"{'result_set': 0, 'score': None}",1 per pound,b46d280d-8770-430f-8cbd-d8844df0e7e3,,,False,True,['none'],"{'price': 4.99, 'uom': 'per pound'}",True,
,[],,,"{'source': 'DEF/ETL', 'stock_level': 0}",,True,,,0.75,1,,"[{'id': '1', 'name': 'Produce'}, {'id': '2', 'name': 'Fruits'}, {'id': '7', 'name': 'Citrus'}]",ea,{},00000000040530,8370,279,2,17650,"['delivery', 'instore', 'pickup']",/store_products/7087,172760659,3259496,7087,"{'tile': {'large': 'https://d2d8wwwkmhfcva.cloudfront.net/1200x/filters:fill(FFF,true):format(jpg)/d2lnr5mha7bycj.cloudfront.net/product-image/file/large_e60460e6-6775-4ff6-ac0a-e17a703285b6.png', 'medium': 'https://d2d8wwwkmhfcva.cloudfront.net/800x/filters:fill(FFF,true):format(jpg)/d2lnr5mha7bycj.cloudfront.net/product-image/file/large_e60460e6-6775-4ff6-ac0a-e17a703285b6.png', 'small': 'https://d2d8wwwkmhfcva.cloudfront.net/400x/filters:fill(FFF,true):format(jpg)/d2lnr5mha7bycj.cloudfront.net/product-image/file/large_e60460e6-6775-4ff6-ac0a-e17a703285b6.png'}}",False,,,,,"Fri, 26 Jan 2024 17:10:04 GMT",Lemon,,False,"{'increment': 1, 'max': 100, 'min': 1}",,,"{'average_rating': 3.0, 'user_count': 5}",product,,,3.0,,,,"{'result_set': 0, 'score': None}",,b46d280d-8770-430f-8cbd-d8844df0e7e3,,,False,True,['none'],"{'price': None, 'uom': None}",True,
,[],,,"{'source': 'DEF/ETL', 'stock_level': 0}",,True,,,4.99,1,,"[{'id': '1', 'name': 'Produce'}, {'id': '2', 'name': 'Fruits'}, {'id': '9', 'name': 'Melons'}]",ea,{},00000000034210,8370,279,2,17650,"['delivery', 'instore', 'pickup']",/store_products/7013,446472379,2746591,7013,"{'tile': {'large': 'https://d2d8wwwkmhfcva.cloudfront.net/1200x/filters:fill(FFF,true):format(jpg)/d2lnr5mha7bycj.cloudfront.net/product-image/file/large_08912e85-3e54-4900-b1e6-296ba3c4221a.png', 'medium': 'https://d2d8wwwkmhfcva.cloudfront.net/800x/filters:fill(FFF,true):format(jpg)/d2lnr5mha7bycj.cloudfront.net/product-image/file/large_08912e85-3e54-4900-b1e6-296ba3c4221a.png', 'small': 'https://d2d8wwwkmhfcva.cloudfront.net/400x/filters:fill(FFF,true):format(jpg)/d2lnr5mha7bycj.cloudfront.net/product-image/file/large_08912e85-3e54-4900-b1e6-296ba3c4221a.png'}}",False,,,,,"Wed, 20 Dec 2023 10:08:25 GMT",Mini Watermelon,,False,"{'increment': 1, 'max': 100, 'min': 1}",,,"{'average_rating': 2.1818181818181817, 'user_count': 11}",product,,,3.0,,,,"{'result_set': 0, 'score': None}",1 ct,b46d280d-8770-430f-8cbd-d8844df0e7e3,,,False,True,['none'],"{'price': 4.99, 'uom': 'ct'}",True,
,[],,,"{'source': 'DEF/ETL', 'stock_level': 0}",,True,,,0.5,1,,"[{'id': '1', 'name': 'Produce'}, {'id': '2', 'name': 'Fruits'}, {'id': '7', 'name': 'Citrus'}]",ea,{},00000000040480,8370,279,2,17650,"['delivery', 'instore', 'pickup']",/store_products/7082,172760551,2677342,7082,"{'tile': {'large': 'https://d2d8wwwkmhfcva.cloudfront.net/1200x/filters:fill(FFF,true):format(jpg)/d2lnr5mha7bycj.cloudfront.net/product-image/file/large_6e80dbae-1099-4e8d-b8cc-ec0ffa52c914.png', 'medium': 'https://d2d8wwwkmhfcva.cloudfront.net/800x/filters:fill(FFF,true):format(jpg)/d2lnr5mha7bycj.cloudfront.net/product-image/file/large_6e80dbae-1099-4e8d-b8cc-ec0ffa52c914.png', 'small': 'https://d2d8wwwkmhfcva.cloudfront.net/400x/filters:fill(FFF,true):format(jpg)/d2lnr5mha7bycj.cloudfront.net/product-image/file/large_6e80dbae-1099-4e8d-b8cc-ec0ffa52c914.png'}}",False,,,,,"Tue, 12 Dec 2023 12:26:46 GMT",Lime,,False,"{'increment': 1, 'max': 100, 'min': 1}",,,"{'average_rating': 4.6234, 'user_count': 77}",product,,,3.0,,,,"{'result_set': 0, 'score': None}",,b46d280d-8770-430f-8cbd-d8844df0e7e3,,,False,True,['none'],"{'price': None, 'uom': None}",True,
,[],,,"{'source': 'DEF/ETL', 'stock_level': 0}",,True,,,1.25,1,,"[{'id': '1', 'name': 'Produce'}, {'id': '2', 'name': 'Fruits'}, {'id': '7', 'name': 'Citrus'}]",ea,{},00000000042820,8370,279,2,17650,"['delivery', 'instore', 'pickup']",/store_products/7198,172761890,3262997,7198,"{'tile': {'large': 'https://d2d8wwwkmhfcva.cloudfront.net/1200x/filters:fill(FFF,true):format(jpg)/d2lnr5mha7bycj.cloudfront.net/product-image/file/large_3901badd-09f7-4bf5-a2d8-b25b6f1b5235.png', 'medium': 'https://d2d8wwwkmhfcva.cloudfront.net/800x/filters:fill(FFF,true):format(jpg)/d2lnr5mha7bycj.cloudfront.net/product-image/file/large_3901badd-09f7-4bf5-a2d8-b25b6f1b5235.png', 'small': 'https://d2d8wwwkmhfcva.cloudfront.net/400x/filters:fill(FFF,true):format(jpg)/d2lnr5mha7bycj.cloudfront.net/product-image/file/large_3901badd-09f7-4bf5-a2d8-b25b6f1b5235.png'}}",False,,,,,"Wed, 31 Jan 2024 12:24:19 GMT",Pink Grapefruit,,False,"{'increment': 1, 'max': 100, 'min': 1}",,,"{'average_rating': 0, 'user_count': 0}",product,Save $0.27,Save 22%,3.0,2024-02-03T00:59:59-07:00,0.98,1.0,"{'result_set': 0, 'score': None}",1 ct,b46d280d-8770-430f-8cbd-d8844df0e7e3,,,False,True,['none'],"{'price': 0.98, 'uom': 'ct'}",True,
,[],,,"{'source': 'DEF/ETL', 'stock_level': 0}",,True,,,2.99,1,,"[{'id': '1', 'name': 'Produce'}, {'id': '2', 'name': 'Fruits'}, {'id': '4', 'name': 'Tropical Fruit'}]",ea,{},00000000042560,8370,279,2,17650,"['delivery', 'instore', 'pickup']",/store_products/74887,449768938,16614407,74887,"{'tile': {'large': 'https://d2d8wwwkmhfcva.cloudfront.net/1200x/filters:fill(FFF,true):format(jpg)/d2lnr5mha7bycj.cloudfront.net/product-image/file/large_9d94e278-29fe-4378-9b2e-e303d3eb1d07.png', 'medium': 'https://d2d8wwwkmhfcva.cloudfront.net/800x/filters:fill(FFF,true):format(jpg)/d2lnr5mha7bycj.cloudfront.net/product-image/file/large_9d94e278-29fe-4378-9b2e-e303d3eb1d07.png', 'small': 'https://d2d8wwwkmhfcva.cloudfront.net/400x/filters:fill(FFF,true):format(jpg)/d2lnr5mha7bycj.cloudfront.net/product-image/file/large_9d94e278-29fe-4378-9b2e-e303d3eb1d07.png'}}",False,,,,,"Thu, 11 Jan 2024 09:53:05 GMT",Star Fruit,,False,"{'increment': 1, 'max': 100, 'min': 1}",,,"{'average_rating': 3.0, 'user_count': 2}",product,,,3.0,,,,"{'result_set': 0, 'score': None}",1 ct,b46d280d-8770-430f-8cbd-d8844df0e7e3,,,False,True,['none'],"{'price': 2.99, 'uom': 'ct'}",True,
,[],,,"{'source': 'DEF/ETL', 'stock_level': 0}",,True,lb,0.65,0.81,1,,"[{'id': '1', 'name': 'Produce'}, {'id': '2', 'name': 'Fruits'}, {'id': '7', 'name': 'Citrus'}]",ea,{},00000000040120,8370,279,2,17650,"['delivery', 'instore', 'pickup']",/store_products/85129,309332074457,18809441,85129,"{'tile': {'large': 'https://d2d8wwwkmhfcva.cloudfront.net/1200x/filters:fill(FFF,true):format(jpg)/d2lnr5mha7bycj.cloudfront.net/product-image/file/large_95c0f3e0-aa21-403e-ad29-5fc85d24830e.png', 'medium': 'https://d2d8wwwkmhfcva.cloudfront.net/800x/filters:fill(FFF,true):format(jpg)/d2lnr5mha7bycj.cloudfront.net/product-image/file/large_95c0f3e0-aa21-403e-ad29-5fc85d24830e.png', 'small': 'https://d2d8wwwkmhfcva.cloudfront.net/400x/filters:fill(FFF,true):format(jpg)/d2lnr5mha7bycj.cloudfront.net/product-image/file/large_95c0f3e0-aa21-403e-ad29-5fc85d24830e.png'}}",False,,,,,"Tue, 30 Jan 2024 09:21:05 GMT",Large Navel Orange,,False,"{'increment': 1, 'max': 100, 'min': 1}",,,"{'average_rating': 4.8333, 'user_count': 6}",product,Save $0.27/lb,Save 22%,3.0,2024-02-02T00:59:59-07:00,0.64,1.0,"{'result_set': 0, 'score': None}",1 lb,b46d280d-8770-430f-8cbd-d8844df0e7e3,,,False,True,['none'],"{'price': 0.98, 'uom': 'lb'}",True,
,[],,,"{'source': 'DEF/ETL', 'stock_level': 0}",,True,,,3.99,1,,"[{'id': '1', 'name': 'Produce'}, {'id': '2', 'name': 'Fruits'}, {'id': '5', 'name': 'Berries'}]",ea,{},00000000040540,8370,279,2,17650,"['delivery', 'instore', 'pickup']",/store_products/7088,172762168,58863,7088,"{'tile': {'large': 'https://d2d8wwwkmhfcva.cloudfront.net/1200x/filters:fill(FFF,true):format(jpg)/d2lnr5mha7bycj.cloudfront.net/product-image/file/large_04e47f48-1750-4721-9310-c6df7ae998f0.png', 'medium': 'https://d2d8wwwkmhfcva.cloudfront.net/800x/filters:fill(FFF,true):format(jpg)/d2lnr5mha7bycj.cloudfront.net/product-image/file/large_04e47f48-1750-4721-9310-c6df7ae998f0.png', 'small': 'https://d2d8wwwkmhfcva.cloudfront.net/400x/filters:fill(FFF,true):format(jpg)/d2lnr5mha7bycj.cloudfront.net/product-image/file/large_04e47f48-1750-4721-9310-c6df7ae998f0.png'}}",False,,,,,"Thu, 25 Jan 2024 10:45:55 GMT",Raspberries,,False,"{'increment': 1, 'max': 100, 'min': 1}",,,"{'average_rating': 4.0864, 'user_count': 81}",product,,,3.0,,,,"{'result_set': 0, 'score': None}",6 oz container,b46d280d-8770-430f-8cbd-d8844df0e7e3,,,False,True,['none'],"{'price': 0.67, 'uom': 'oz container'}",True,
,[],,,"{'source': 'DEF/ETL', 'stock_level': 0}",,True,,,4.99,1,stemilt world famous fruit,"[{'id': '1', 'name': 'Produce'}, {'id': '2', 'name': 'Fruits'}, {'id': '3', 'name': 'Apples'}]",ea,{},00741839006671,8370,279,2,17650,"['delivery', 'instore', 'pickup']",/store_products/83823,260452122386,29328358,83823,"{'tile': {'large': 'https://d2d8wwwkmhfcva.cloudfront.net/1200x/filters:fill(FFF,true):format(jpg)/d2lnr5mha7bycj.cloudfront.net/product-image/file/large_41bac198-355c-4df0-a2f3-793e11dc129a.png', 'medium': 'https://d2d8wwwkmhfcva.cloudfront.net/800x/filters:fill(FFF,true):format(jpg)/d2lnr5mha7bycj.cloudfront.net/product-image/file/large_41bac198-355c-4df0-a2f3-793e11dc129a.png', 'small': 'https://d2d8wwwkmhfcva.cloudfront.net/400x/filters:fill(FFF,true):format(jpg)/d2lnr5mha7bycj.cloudfront.net/product-image/file/large_41bac198-355c-4df0-a2f3-793e11dc129a.png'}}",False,,,,,"Wed, 31 Jan 2024 12:24:19 GMT","Stemilt World Famous Fruit Organic Granny Smith Apples Punnet, 4 Count",,False,"{'increment': 1, 'max': 100, 'min': 1}",,,"{'average_rating': 4.7273, 'user_count': 11}",product,,,3.0,,,,"{'result_set': 0, 'score': None}",1 each,b46d280d-8770-430f-8cbd-d8844df0e7e3,,,False,True,['organic'],"{'price': 4.99, 'uom': 'each'}",True,
,[],,,"{'source': 'DEF/ETL', 'stock_level': 0}",,True,lb,0.7,2.79,1,,"[{'id': '1', 'name': 'Produce'}, {'id': '2', 'name': 'Fruits'}, {'id': '7', 'name': 'Citrus'}]",ea,{},00000000036320,8370,279,2,17650,"['delivery', 'instore', 'pickup']",/store_products/7047,1737087044,16346268,7047,"{'tile': {'large': 'https://d2d8wwwkmhfcva.cloudfront.net/1200x/filters:fill(FFF,true):format(jpg)/d2lnr5mha7bycj.cloudfront.net/product-image/file/large_fe41b2e8-86fd-4fec-a6e9-42cc82c4ab84.png', 'medium': 'https://d2d8wwwkmhfcva.cloudfront.net/800x/filters:fill(FFF,true):format(jpg)/d2lnr5mha7bycj.cloudfront.net/product-image/file/large_fe41b2e8-86fd-4fec-a6e9-42cc82c4ab84.png', 'small': 'https://d2d8wwwkmhfcva.cloudfront.net/400x/filters:fill(FFF,true):format(jpg)/d2lnr5mha7bycj.cloudfront.net/product-image/file/large_fe41b2e8-86fd-4fec-a6e9-42cc82c4ab84.png'}}",False,,,,,"Wed, 31 Jan 2024 12:24:19 GMT",Sumo Citrus Mandarins,,False,"{'increment': 1, 'max': 100, 'min': 1}",,,"{'average_rating': 4.5455, 'user_count': 11}",product,,,3.0,,,,"{'result_set': 0, 'score': None}",,b46d280d-8770-430f-8cbd-d8844df0e7e3,,,False,True,['none'],"{'price': 3.99, 'uom': 'lb'}",True,
,[],,,"{'source': 'DEF/ETL', 'stock_level': 0}",,True,,,1.29,1,sprouts,"[{'id': '1', 'name': 'Produce'}, {'id': '13', 'name': 'Vegetables'}, {'id': '17', 'name': 'Root Vegetables'}]",ea,{},00000000045690,8370,279,2,17650,"['delivery', 'instore', 'pickup']",/store_products/81813,218759168317,24379678,81813,"{'tile': {'large': 'https://d2d8wwwkmhfcva.cloudfront.net/1200x/filters:fill(FFF,true):format(jpg)/d2lnr5mha7bycj.cloudfront.net/product-image/file/large_7a842c3b-83fa-494c-83ef-ff4f1d3434c2.png', 'medium': 'https://d2d8wwwkmhfcva.cloudfront.net/800x/filters:fill(FFF,true):format(jpg)/d2lnr5mha7bycj.cloudfront.net/product-image/file/large_7a842c3b-83fa-494c-83ef-ff4f1d3434c2.png', 'small': 'https://d2d8wwwkmhfcva.cloudfront.net/400x/filters:fill(FFF,true):format(jpg)/d2lnr5mha7bycj.cloudfront.net/product-image/file/large_7a842c3b-83fa-494c-83ef-ff4f1d3434c2.png'}}",False,,,,,"Tue, 12 Dec 2023 12:26:46 GMT",Baby Carrots Bag,,False,"{'increment': 1, 'max': 100, 'min': 1}",,,"{'average_rating': 4.7317, 'user_count': 41}",product,,,3.0,,,,"{'result_set': 0, 'score': None}",1 lb,b46d280d-8770-430f-8cbd-d8844df0e7e3,,,False,True,['none'],"{'price': 1.29, 'uom': 'lb'}",True,
,[],,,"{'source': 'DEF/ETL', 'stock_level': 0}",,True,,,2.49,1,,"[{'id': '1', 'name': 'Produce'}, {'id': '2', 'name': 'Fruits'}, {'id': '3', 'name': 'Apples'}]",lb,{},00000000035160,8370,279,2,17650,"['delivery', 'instore', 'pickup']",/store_products/71579,495719886,17614541,71579,"{'tile': {'large': 'https://d2d8wwwkmhfcva.cloudfront.net/1200x/filters:fill(FFF,true):format(jpg)/d2lnr5mha7bycj.cloudfront.net/product-image/file/large_578880ee-004b-4641-a887-47668b863de8.png', 'medium': 'https://d2d8wwwkmhfcva.cloudfront.net/800x/filters:fill(FFF,true):format(jpg)/d2lnr5mha7bycj.cloudfront.net/product-image/file/large_578880ee-004b-4641-a887-47668b863de8.png', 'small': 'https://d2d8wwwkmhfcva.cloudfront.net/400x/filters:fill(FFF,true):format(jpg)/d2lnr5mha7bycj.cloudfront.net/product-image/file/large_578880ee-004b-4641-a887-47668b863de8.png'}}",False,,,,,"Thu, 25 Jan 2024 10:45:55 GMT",Lemonade Apple,,True,"{'display_name': 'lb', 'increment': 0.25, 'max': 60.0, 'min': 0.25}",,,"{'average_rating': 0, 'user_count': 0}",product,,,3.0,,,,"{'result_set': 0, 'score': None}",,b46d280d-8770-430f-8cbd-d8844df0e7e3,,,False,True,['none'],"{'price': None, 'uom': None}",True,
,[],,,"{'source': 'DEF/ETL', 'stock_level': 0}",,True,,,6.99,1,sumo citrus,"[{'id': '1', 'name': 'Produce'}, {'id': '2', 'name': 'Fruits'}, {'id': '7', 'name': 'Citrus'}]",ea,{},00725422000079,8370,279,2,17650,"['delivery', 'instore', 'pickup']",/store_products/67637,67376196549,26384027,67637,"{'tile': {'large': 'https://d2d8wwwkmhfcva.cloudfront.net/1200x/filters:fill(FFF,true):format(jpg)/d2lnr5mha7bycj.cloudfront.net/product-image/file/large_644ce9d1-86a4-43b7-9fc6-7dd96a6eb1b1.png', 'medium': 'https://d2d8wwwkmhfcva.cloudfront.net/800x/filters:fill(FFF,true):format(jpg)/d2lnr5mha7bycj.cloudfront.net/product-image/file/large_644ce9d1-86a4-43b7-9fc6-7dd96a6eb1b1.png', 'small': 'https://d2d8wwwkmhfcva.cloudfront.net/400x/filters:fill(FFF,true):format(jpg)/d2lnr5mha7bycj.cloudfront.net/product-image/file/large_644ce9d1-86a4-43b7-9fc6-7dd96a6eb1b1.png'}}",False,,,,,"Sat, 13 Jan 2024 10:47:08 GMT",Sumo Citrus Mandarins Bag,"[{'badge_type': None, 'clipped': False, 'display_badge': True, 'end_date': '2024-03-14T20:59:59-07:00', 'has_details': True, 'href': '/offers/19120', 'id': '19120', 'is_not_actionable': None, 'offer_type': 'coupon', 'points': None}]",False,"{'increment': 1, 'max': 100, 'min': 1}",,,"{'average_rating': 4.3824, 'user_count': 34}",product,,,3.0,,,,"{'result_set': 0, 'score': None}",2 lb,b46d280d-8770-430f-8cbd-d8844df0e7e3,,,False,True,['none'],"{'price': 3.5, 'uom': 'lb'}",True,
,[],,,"{'source': 'DEF/ETL', 'stock_level': 0}",,True,,,2.5,1,,"[{'id': '1', 'name': 'Produce'}, {'id': '2', 'name': 'Fruits'}, {'id': '494', 'name': 'Avocados'}]",ea,{},00000000942230,8370,279,2,17650,"['delivery', 'instore', 'pickup']",/store_products/77564,1374246962,16689259,77564,"{'tile': {'large': 'https://d2d8wwwkmhfcva.cloudfront.net/1200x/filters:fill(FFF,true):format(jpg)/d2lnr5mha7bycj.cloudfront.net/product-image/file/large_1140a973-485c-434e-b475-727743c832c2.png', 'medium': 'https://d2d8wwwkmhfcva.cloudfront.net/800x/filters:fill(FFF,true):format(jpg)/d2lnr5mha7bycj.cloudfront.net/product-image/file/large_1140a973-485c-434e-b475-727743c832c2.png', 'small': 'https://d2d8wwwkmhfcva.cloudfront.net/400x/filters:fill(FFF,true):format(jpg)/d2lnr5mha7bycj.cloudfront.net/product-image/file/large_1140a973-485c-434e-b475-727743c832c2.png'}}",False,,,,,"Wed, 31 Jan 2024 12:24:19 GMT",Organic Large Hass Avocado,,False,"{'increment': 1, 'max': 100, 'min': 1}",,,"{'average_rating': 0, 'user_count': 0}",product,,,3.0,,,,"{'result_set': 0, 'score': None}",,b46d280d-8770-430f-8cbd-d8844df0e7e3,,,False,True,['organic'],"{'price': None, 'uom': None}",True,
,[],,,"{'source': 'DEF/ETL', 'stock_level': 0}",,True,lb,0.5,1.0,1,,"[{'id': '1', 'name': 'Produce'}, {'id': '2', 'name': 'Fruits'}, {'id': '7', 'name': 'Citrus'}]",ea,{},00000000031100,8370,279,2,17650,"['delivery', 'instore', 'pickup']",/store_products/6946,172762926,16614409,6946,"{'tile': {'large': 'https://d2d8wwwkmhfcva.cloudfront.net/1200x/filters:fill(FFF,true):format(jpg)/d2lnr5mha7bycj.cloudfront.net/product-image/file/large_3f1fc447-a1ec-4c8f-a107-a899d4839368.png', 'medium': 'https://d2d8wwwkmhfcva.cloudfront.net/800x/filters:fill(FFF,true):format(jpg)/d2lnr5mha7bycj.cloudfront.net/product-image/file/large_3f1fc447-a1ec-4c8f-a107-a899d4839368.png', 'small': 'https://d2d8wwwkmhfcva.cloudfront.net/400x/filters:fill(FFF,true):format(jpg)/d2lnr5mha7bycj.cloudfront.net/product-image/file/large_3f1fc447-a1ec-4c8f-a107-a899d4839368.png'}}",False,,,,,"Wed, 31 Jan 2024 12:24:19 GMT",Cara Cara Orange,,False,"{'increment': 1, 'max': 100, 'min': 1}",,,"{'average_rating': 4.25, 'user_count': 20}",product,,,3.0,,,,"{'result_set': 0, 'score': None}",,b46d280d-8770-430f-8cbd-d8844df0e7e3,,,False,True,['none'],"{'price': 1.99, 'uom': 'lb'}",True,
,[],,,"{'source': 'DEF/ETL', 'stock_level': 0}",,True,,,1.5,1,,"[{'id': '1', 'name': 'Produce'}, {'id': '13', 'name': 'Vegetables'}, {'id': '21', 'name': 'Squash, Cucumbers & Eggplant'}]",ea,{},00000000940620,8370,279,2,17650,"['delivery', 'instore', 'pickup']",/store_products/8851,172762009,2748190,8851,"{'tile': {'large': 'https://d2d8wwwkmhfcva.cloudfront.net/1200x/filters:fill(FFF,true):format(jpg)/d2lnr5mha7bycj.cloudfront.net/product-image/file/large_3923406b-216a-4647-b478-e7dc78868e76.png', 'medium': 'https://d2d8wwwkmhfcva.cloudfront.net/800x/filters:fill(FFF,true):format(jpg)/d2lnr5mha7bycj.cloudfront.net/product-image/file/large_3923406b-216a-4647-b478-e7dc78868e76.png', 'small': 'https://d2d8wwwkmhfcva.cloudfront.net/400x/filters:fill(FFF,true):format(jpg)/d2lnr5mha7bycj.cloudfront.net/product-image/file/large_3923406b-216a-4647-b478-e7dc78868e76.png'}}",False,,,,,"Wed, 24 Jan 2024 10:44:52 GMT",Organic Cucumber,,False,"{'increment': 1, 'max': 100, 'min': 1}",,,"{'average_rating': 5.0, 'user_count': 1}",product,,,3.0,,,,"{'result_set': 0, 'score': None}",1 ct,b46d280d-8770-430f-8cbd-d8844df0e7e3,,,False,True,['organic'],"{'price': 1.5, 'uom': 'ct'}",True,
,[],,,"{'source': 'DEF/ETL', 'stock_level': 0}",,True,lb,0.53,0.8,1,,"[{'id': '1', 'name': 'Produce'}, {'id': '2', 'name': 'Fruits'}, {'id': '7', 'name': 'Citrus'}]",ea,{},00000000940120,8370,279,2,17650,"['delivery', 'instore', 'pickup']",/store_products/8808,172761838,16621867,8808,"{'tile': {'large': 'https://d2d8wwwkmhfcva.cloudfront.net/1200x/filters:fill(FFF,true):format(jpg)/d2lnr5mha7bycj.cloudfront.net/product-image/file/large_ee5eab21-10c0-428d-a059-1b327ce92ff6.png', 'medium': 'https://d2d8wwwkmhfcva.cloudfront.net/800x/filters:fill(FFF,true):format(jpg)/d2lnr5mha7bycj.cloudfront.net/product-image/file/large_ee5eab21-10c0-428d-a059-1b327ce92ff6.png', 'small': 'https://d2d8wwwkmhfcva.cloudfront.net/400x/filters:fill(FFF,true):format(jpg)/d2lnr5mha7bycj.cloudfront.net/product-image/file/large_ee5eab21-10c0-428d-a059-1b327ce92ff6.png'}}",False,,,,,"Wed, 31 Jan 2024 12:24:19 GMT",Organic Navel Orange,,False,"{'increment': 1, 'max': 100, 'min': 1}",,,"{'average_rating': 0, 'user_count': 0}",product,,,3.0,,,,"{'result_set': 0, 'score': None}",,b46d280d-8770-430f-8cbd-d8844df0e7e3,,,False,True,['organic'],"{'price': 1.5, 'uom': 'lb'}",True,
,[],,,"{'source': 'DEF/ETL', 'stock_level': 0}",,True,,,4.99,1,stemilt world famous fruit,"[{'id': '1', 'name': 'Produce'}, {'id': '2', 'name': 'Fruits'}, {'id': '3', 'name': 'Apples'}]",ea,{},00741839006657,8370,279,2,17650,"['delivery', 'instore', 'pickup']",/store_products/83825,260452075525,29328321,83825,"{'tile': {'large': 'https://d2d8wwwkmhfcva.cloudfront.net/1200x/filters:fill(FFF,true):format(jpg)/d2lnr5mha7bycj.cloudfront.net/product-image/file/large_cf9b1446-793f-4b2e-9ae3-42d6ea8472a5.png', 'medium': 'https://d2d8wwwkmhfcva.cloudfront.net/800x/filters:fill(FFF,true):format(jpg)/d2lnr5mha7bycj.cloudfront.net/product-image/file/large_cf9b1446-793f-4b2e-9ae3-42d6ea8472a5.png', 'small': 'https://d2d8wwwkmhfcva.cloudfront.net/400x/filters:fill(FFF,true):format(jpg)/d2lnr5mha7bycj.cloudfront.net/product-image/file/large_cf9b1446-793f-4b2e-9ae3-42d6ea8472a5.png'}}",False,,,,,"Sun, 14 Jan 2024 10:19:55 GMT","Stemilt World Famous Fruit Organic Fuji Apples Punnet, 4 Count",,False,"{'increment': 1, 'max': 100, 'min': 1}",,,"{'average_rating': 4.0, 'user_count': 4}",product,,,3.0,,,,"{'result_set': 0, 'score': None}",4 each,b46d280d-8770-430f-8cbd-d8844df0e7e3,,,False,True,['organic'],"{'price': 1.25, 'uom': 'each'}",True,
,[],,,"{'source': 'DEF/ETL', 'stock_level': 0}",,True,,,4.99,1,,"[{'id': '1', 'name': 'Produce'}, {'id': '2', 'name': 'Fruits'}, {'id': '8', 'name': 'Grapes'}]",lb,{},00000000030930,8370,279,2,17650,"['delivery', 'instore', 'pickup']",/store_products/43910,253953642,1993411,43910,"{'tile': {'large': 'https://d2d8wwwkmhfcva.cloudfront.net/1200x/filters:fill(FFF,true):format(jpg)/d2lnr5mha7bycj.cloudfront.net/product-image/file/large_33ae1002-8aac-4816-aa60-2dc8a2388776.png', 'medium': 'https://d2d8wwwkmhfcva.cloudfront.net/800x/filters:fill(FFF,true):format(jpg)/d2lnr5mha7bycj.cloudfront.net/product-image/file/large_33ae1002-8aac-4816-aa60-2dc8a2388776.png', 'small': 'https://d2d8wwwkmhfcva.cloudfront.net/400x/filters:fill(FFF,true):format(jpg)/d2lnr5mha7bycj.cloudfront.net/product-image/file/large_33ae1002-8aac-4816-aa60-2dc8a2388776.png'}}",False,,,,,"Wed, 31 Jan 2024 12:24:19 GMT",Cotton Candy Grapes,,True,"{'display_name': 'lb', 'increment': 0.25, 'max': 60.0, 'min': 0.25}",,,"{'average_rating': 4.2, 'user_count': 5}",product,,,3.0,,,,"{'result_set': 0, 'score': None}",,b46d280d-8770-430f-8cbd-d8844df0e7e3,,,False,True,['none'],"{'price': None, 'uom': None}",True,
,[],,,"{'source': 'DEF/ETL', 'stock_level': 0}",,True,lb,0.41,1.23,1,,"[{'id': '1', 'name': 'Produce'}, {'id': '2', 'name': 'Fruits'}, {'id': '3', 'name': 'Apples'}]",ea,{},00000000034860,8370,279,2,17650,"['delivery', 'instore', 'pickup']",/store_products/7029,9513041207,23594784,7029,"{'tile': {'large': 'https://d2d8wwwkmhfcva.cloudfront.net/1200x/filters:fill(FFF,true):format(jpg)/d2lnr5mha7bycj.cloudfront.net/product-image/file/large_7bac0c98-c238-4378-8dd4-90193236bd71.png', 'medium': 'https://d2d8wwwkmhfcva.cloudfront.net/800x/filters:fill(FFF,true):format(jpg)/d2lnr5mha7bycj.cloudfront.net/product-image/file/large_7bac0c98-c238-4378-8dd4-90193236bd71.png', 'small': 'https://d2d8wwwkmhfcva.cloudfront.net/400x/filters:fill(FFF,true):format(jpg)/d2lnr5mha7bycj.cloudfront.net/product-image/file/large_7bac0c98-c238-4378-8dd4-90193236bd71.png'}}",False,,,,,"Thu, 04 Jan 2024 08:36:04 GMT",Sugarbee Apple,,False,"{'increment': 1, 'max': 100, 'min': 1}",,,"{'average_rating': 4.7, 'user_count': 10}",product,,,3.0,,,,"{'result_set': 0, 'score': None}",,b46d280d-8770-430f-8cbd-d8844df0e7e3,,,False,True,['none'],"{'price': 2.99, 'uom': 'lb'}",True,
,[],,,"{'source': 'DEF/ETL', 'stock_level': 0}",,True,,,3.49,1,,"[{'id': '1', 'name': 'Produce'}, {'id': '2', 'name': 'Fruits'}, {'id': '9', 'name': 'Melons'}]",ea,{},00000000040500,8370,279,2,17650,"['delivery', 'instore', 'pickup']",/store_products/7084,172761174,18107566,7084,"{'tile': {'large': 'https://d2d8wwwkmhfcva.cloudfront.net/1200x/filters:fill(FFF,true):format(jpg)/d2lnr5mha7bycj.cloudfront.net/product-image/file/large_66831aa1-1aba-4689-b1be-11c070e81f7b.png', 'medium': 'https://d2d8wwwkmhfcva.cloudfront.net/800x/filters:fill(FFF,true):format(jpg)/d2lnr5mha7bycj.cloudfront.net/product-image/file/large_66831aa1-1aba-4689-b1be-11c070e81f7b.png', 'small': 'https://d2d8wwwkmhfcva.cloudfront.net/400x/filters:fill(FFF,true):format(jpg)/d2lnr5mha7bycj.cloudfront.net/product-image/file/large_66831aa1-1aba-4689-b1be-11c070e81f7b.png'}}",False,,,,,"Sat, 23 Dec 2023 08:18:13 GMT",Cantaloupe,,False,"{'increment': 1, 'max': 100, 'min': 1}",,,"{'average_rating': 2.5714, 'user_count': 7}",product,,,3.0,,,,"{'result_set': 0, 'score': None}",1 ct,b46d280d-8770-430f-8cbd-d8844df0e7e3,,,False,True,['none'],"{'price': 3.49, 'uom': 'ct'}",True,
,[],,,"{'source': 'DEF/ETL', 'stock_level': 0}",,True,,,2.0,1,,"[{'id': '1', 'name': 'Produce'}, {'id': '2', 'name': 'Fruits'}, {'id': '4', 'name': 'Tropical Fruit'}]",ea,{},00000000040510,8370,279,2,17650,"['delivery', 'instore', 'pickup']",/store_products/7085,172760761,16614422,7085,"{'tile': {'large': 'https://d2d8wwwkmhfcva.cloudfront.net/1200x/filters:fill(FFF,true):format(jpg)/d2lnr5mha7bycj.cloudfront.net/product-image/file/large_a0c710a1-0ae0-45bf-9c26-e4a3d4a7c94e.png', 'medium': 'https://d2d8wwwkmhfcva.cloudfront.net/800x/filters:fill(FFF,true):format(jpg)/d2lnr5mha7bycj.cloudfront.net/product-image/file/large_a0c710a1-0ae0-45bf-9c26-e4a3d4a7c94e.png', 'small': 'https://d2d8wwwkmhfcva.cloudfront.net/400x/filters:fill(FFF,true):format(jpg)/d2lnr5mha7bycj.cloudfront.net/product-image/file/large_a0c710a1-0ae0-45bf-9c26-e4a3d4a7c94e.png'}}",False,,,,,"Tue, 23 Jan 2024 14:01:46 GMT",Red Mango,,False,"{'increment': 1, 'max': 100, 'min': 1}",,,"{'average_rating': 3.25, 'user_count': 4}",product,,,3.0,,,,"{'result_set': 0, 'score': None}",1 ct,b46d280d-8770-430f-8cbd-d8844df0e7e3,,,False,True,['none'],"{'price': 2.0, 'uom': 'ct'}",True,
,[],,,"{'source': 'DEF/ETL', 'stock_level': 0}",,True,,,6.99,1,,"[{'id': '1', 'name': 'Produce'}, {'id': '2', 'name': 'Fruits'}, {'id': '5', 'name': 'Berries'}]",ea,{},00000000944630,8370,279,2,17650,"['delivery', 'instore', 'pickup']",/store_products/84300,281327246240,248581,84300,"{'tile': {'large': 'https://d2d8wwwkmhfcva.cloudfront.net/1200x/filters:fill(FFF,true):format(jpg)/d2lnr5mha7bycj.cloudfront.net/product-image/file/large_ed10542d-29ae-42e3-9a4d-3ffdc99ffacd.png', 'medium': 'https://d2d8wwwkmhfcva.cloudfront.net/800x/filters:fill(FFF,true):format(jpg)/d2lnr5mha7bycj.cloudfront.net/product-image/file/large_ed10542d-29ae-42e3-9a4d-3ffdc99ffacd.png', 'small': 'https://d2d8wwwkmhfcva.cloudfront.net/400x/filters:fill(FFF,true):format(jpg)/d2lnr5mha7bycj.cloudfront.net/product-image/file/large_ed10542d-29ae-42e3-9a4d-3ffdc99ffacd.png'}}",False,,,,,"Wed, 31 Jan 2024 12:24:19 GMT",Organic Blueberries,"[{'badge_type': None, 'clipped': None, 'display_badge': True, 'end_date': '2024-02-13T23:59:00-07:00', 'has_details': True, 'href': '/offers/19754', 'id': '19754', 'is_not_actionable': None, 'offer_type': 'offer', 'points': None}]",False,"{'increment': 1, 'max': 100, 'min': 1}",,,"{'average_rating': 4.6316, 'user_count': 133}",product,,,3.0,,,,"{'result_set': 0, 'score': None}",1 pint container,b46d280d-8770-430f-8cbd-d8844df0e7e3,,,False,True,['organic'],"{'price': 6.99, 'uom': 'pint container'}",True,
,[],,,"{'source': 'DEF/ETL', 'stock_level': 0}",,True,,,5.99,1,stemilt world famous fruit,"[{'id': '1', 'name': 'Produce'}, {'id': '2', 'name': 'Fruits'}, {'id': '3', 'name': 'Apples'}]",ea,{},00741839006633,8370,279,2,17650,"['delivery', 'instore', 'pickup']",/store_products/82568,391320102563,29102120,82568,"{'tile': {'large': 'https://d2d8wwwkmhfcva.cloudfront.net/1200x/filters:fill(FFF,true):format(jpg)/d2lnr5mha7bycj.cloudfront.net/product-image/file/large_83e39b74-0d60-4b57-8cfe-f0126478b919.png', 'medium': 'https://d2d8wwwkmhfcva.cloudfront.net/800x/filters:fill(FFF,true):format(jpg)/d2lnr5mha7bycj.cloudfront.net/product-image/file/large_83e39b74-0d60-4b57-8cfe-f0126478b919.png', 'small': 'https://d2d8wwwkmhfcva.cloudfront.net/400x/filters:fill(FFF,true):format(jpg)/d2lnr5mha7bycj.cloudfront.net/product-image/file/large_83e39b74-0d60-4b57-8cfe-f0126478b919.png'}}",False,,,,,"Wed, 31 Jan 2024 23:54:08 GMT","Stemilt World Famous Fruit Organic Cosmic Crisp Apple Punnet, 4 Count",,False,"{'increment': 1, 'max': 100, 'min': 1}",,,"{'average_rating': 5.0, 'user_count': 1}",product,,,3.0,,,,"{'result_set': 0, 'score': None}",1 each,b46d280d-8770-430f-8cbd-d8844df0e7e3,,,False,True,['none'],"{'price': 5.99, 'uom': 'each'}",True,
,[],,,"{'source': 'DEF/ETL', 'stock_level': 0}",,True,,,1.25,1,,"[{'id': '1', 'name': 'Produce'}, {'id': '2', 'name': 'Fruits'}, {'id': '4', 'name': 'Tropical Fruit'}]",ea,{},00000000043120,8370,279,2,17650,"['delivery', 'instore', 'pickup']",/store_products/7207,239453595,16345661,7207,"{'tile': {'large': 'https://d2d8wwwkmhfcva.cloudfront.net/1200x/filters:fill(FFF,true):format(jpg)/d2lnr5mha7bycj.cloudfront.net/product-image/file/large_9cad09b4-2142-48db-b1d3-4392a63a01f1.png', 'medium': 'https://d2d8wwwkmhfcva.cloudfront.net/800x/filters:fill(FFF,true):format(jpg)/d2lnr5mha7bycj.cloudfront.net/product-image/file/large_9cad09b4-2142-48db-b1d3-4392a63a01f1.png', 'small': 'https://d2d8wwwkmhfcva.cloudfront.net/400x/filters:fill(FFF,true):format(jpg)/d2lnr5mha7bycj.cloudfront.net/product-image/file/large_9cad09b4-2142-48db-b1d3-4392a63a01f1.png'}}",False,,,,,"Fri, 26 Jan 2024 09:57:07 GMT",Yellow Mango,,False,"{'increment': 1, 'max': 100, 'min': 1}",,,"{'average_rating': 4.25, 'user_count': 4}",product,,,3.0,,,,"{'result_set': 0, 'score': None}",1 ct,b46d280d-8770-430f-8cbd-d8844df0e7e3,,,False,True,['none'],"{'price': 1.25, 'uom': 'ct'}",True,
,[],,,"{'source': 'DEF/ETL', 'stock_level': 0}",,True,,,5.99,1,,"[{'id': '1', 'name': 'Produce'}, {'id': '2', 'name': 'Fruits'}, {'id': '429', 'name': 'Fresh Cut Fruit'}]",ea,{},00683953001777,8370,279,2,17650,"['delivery', 'instore', 'pickup']",/store_products/30155,446472553,19168701,30155,"{'tile': {'large': 'https://d2d8wwwkmhfcva.cloudfront.net/1200x/filters:fill(FFF,true):format(jpg)/d2lnr5mha7bycj.cloudfront.net/product-image/file/large_866b13a8-5849-4c5c-824b-74890959062d.png', 'medium': 'https://d2d8wwwkmhfcva.cloudfront.net/800x/filters:fill(FFF,true):format(jpg)/d2lnr5mha7bycj.cloudfront.net/product-image/file/large_866b13a8-5849-4c5c-824b-74890959062d.png', 'small': 'https://d2d8wwwkmhfcva.cloudfront.net/400x/filters:fill(FFF,true):format(jpg)/d2lnr5mha7bycj.cloudfront.net/product-image/file/large_866b13a8-5849-4c5c-824b-74890959062d.png'}}",False,,,,,"Thu, 25 Jan 2024 10:45:55 GMT",Pomegranate Arils,,False,"{'increment': 1, 'max': 100, 'min': 1}",,,"{'average_rating': 1.0, 'user_count': 4}",product,,,3.0,,,,"{'result_set': 0, 'score': None}",8 oz,b46d280d-8770-430f-8cbd-d8844df0e7e3,,,False,True,['non-gmo'],"{'price': 0.75, 'uom': 'oz'}",True,
,[],,,"{'source': 'DEF/ETL', 'stock_level': 0}",,True,,,2.99,1,,"[{'id': '1', 'name': 'Produce'}, {'id': '2', 'name': 'Fruits'}, {'id': '4', 'name': 'Tropical Fruit'}]",ea,{},00000000043970,8370,279,2,17650,"['delivery', 'instore', 'pickup']",/store_products/7239,390798928,16665741,7239,"{'tile': {'large': 'https://d2d8wwwkmhfcva.cloudfront.net/1200x/filters:fill(FFF,true):format(jpg)/d2lnr5mha7bycj.cloudfront.net/product-image/file/large_86b15185-0ea6-4ad9-8705-259afb1bc186.png', 'medium': 'https://d2d8wwwkmhfcva.cloudfront.net/800x/filters:fill(FFF,true):format(jpg)/d2lnr5mha7bycj.cloudfront.net/product-image/file/large_86b15185-0ea6-4ad9-8705-259afb1bc186.png', 'small': 'https://d2d8wwwkmhfcva.cloudfront.net/400x/filters:fill(FFF,true):format(jpg)/d2lnr5mha7bycj.cloudfront.net/product-image/file/large_86b15185-0ea6-4ad9-8705-259afb1bc186.png'}}",False,,,,,"Wed, 31 Jan 2024 12:24:19 GMT",Passion Fruit,,False,"{'increment': 1, 'max': 100, 'min': 1}",,,"{'average_rating': 3.2222222222222223, 'user_count': 9}",product,,,3.0,,,,"{'result_set': 0, 'score': None}",,b46d280d-8770-430f-8cbd-d8844df0e7e3,,,False,True,['none'],"{'price': None, 'uom': None}",True,
,[],,,"{'source': 'DEF/ETL', 'stock_level': 0}",,True,,,6.99,1,united exports,"[{'id': '1', 'name': 'Produce'}, {'id': '2', 'name': 'Fruits'}, {'id': '5', 'name': 'Berries'}]",ea,{},00813187010331,8370,279,2,17650,"['delivery', 'instore', 'pickup']",/store_products/52090,762083400,16514907,52090,"{'tile': {'large': 'https://d2d8wwwkmhfcva.cloudfront.net/1200x/filters:fill(FFF,true):format(jpg)/d2lnr5mha7bycj.cloudfront.net/product-image/file/large_8a6d928b-72ec-48d5-ae1a-ec62d14cbe26.png', 'medium': 'https://d2d8wwwkmhfcva.cloudfront.net/800x/filters:fill(FFF,true):format(jpg)/d2lnr5mha7bycj.cloudfront.net/product-image/file/large_8a6d928b-72ec-48d5-ae1a-ec62d14cbe26.png', 'small': 'https://d2d8wwwkmhfcva.cloudfront.net/400x/filters:fill(FFF,true):format(jpg)/d2lnr5mha7bycj.cloudfront.net/product-image/file/large_8a6d928b-72ec-48d5-ae1a-ec62d14cbe26.png'}}",False,,,,,"Mon, 29 Jan 2024 10:23:29 GMT",Jumbo Blueberries,,False,"{'increment': 1, 'max': 100, 'min': 1}",,,"{'average_rating': 5.0, 'user_count': 5}",product,Save $3.01,Save 43%,3.0,2024-02-10T00:59:59-07:00,3.98,1.0,"{'result_set': 0, 'score': None}",9.8 oz container,b46d280d-8770-430f-8cbd-d8844df0e7e3,,,False,True,['none'],"{'price': 0.41, 'uom': 'oz container'}",True,
,[],,,"{'source': 'DEF/ETL', 'stock_level': 0}",,True,,,3.99,1,mighties,"[{'id': '1', 'name': 'Produce'}, {'id': '2', 'name': 'Fruits'}, {'id': '4', 'name': 'Tropical Fruit'}]",ea,{},00014668510009,8370,279,2,17650,"['delivery', 'instore', 'pickup']",/store_products/52463,123913960695,26032863,52463,"{'tile': {'large': 'https://d2d8wwwkmhfcva.cloudfront.net/1200x/filters:fill(FFF,true):format(jpg)/d2lnr5mha7bycj.cloudfront.net/product-image/file/large_e2a8c708-c718-41b1-89ef-c719ea402982.png', 'medium': 'https://d2d8wwwkmhfcva.cloudfront.net/800x/filters:fill(FFF,true):format(jpg)/d2lnr5mha7bycj.cloudfront.net/product-image/file/large_e2a8c708-c718-41b1-89ef-c719ea402982.png', 'small': 'https://d2d8wwwkmhfcva.cloudfront.net/400x/filters:fill(FFF,true):format(jpg)/d2lnr5mha7bycj.cloudfront.net/product-image/file/large_e2a8c708-c718-41b1-89ef-c719ea402982.png'}}",False,,,,,"Sat, 20 Jan 2024 14:44:00 GMT",Mighties Organic Kiwis,,False,"{'increment': 1, 'max': 100, 'min': 1}",,,"{'average_rating': 4.4923, 'user_count': 65}",product,,,3.0,,,,"{'result_set': 0, 'score': None}",1 lb,b46d280d-8770-430f-8cbd-d8844df0e7e3,,,False,True,['organic'],"{'price': 3.99, 'uom': 'lb'}",True,
,[],,,"{'source': 'DEF/ETL', 'stock_level': 0}",,True,lb,2.24,7.82,1,,"[{'id': '1', 'name': 'Produce'}, {'id': '2', 'name': 'Fruits'}, {'id': '8', 'name': 'Grapes'}]",ea,{},00000000040560,8370,279,2,17650,"['delivery', 'instore', 'pickup']",/store_products/7090,172761154,16345959,7090,"{'tile': {'large': 'https://d2d8wwwkmhfcva.cloudfront.net/1200x/filters:fill(FFF,true):format(jpg)/d2lnr5mha7bycj.cloudfront.net/product-image/file/large_14e923d0-c440-4081-8049-b21d89f9002b.png', 'medium': 'https://d2d8wwwkmhfcva.cloudfront.net/800x/filters:fill(FFF,true):format(jpg)/d2lnr5mha7bycj.cloudfront.net/product-image/file/large_14e923d0-c440-4081-8049-b21d89f9002b.png', 'small': 'https://d2d8wwwkmhfcva.cloudfront.net/400x/filters:fill(FFF,true):format(jpg)/d2lnr5mha7bycj.cloudfront.net/product-image/file/large_14e923d0-c440-4081-8049-b21d89f9002b.png'}}",False,,,,,"Wed, 24 Jan 2024 10:44:52 GMT",Black Seedless Grapes,,False,"{'increment': 1, 'max': 100, 'min': 1}",,,"{'average_rating': 2.0, 'user_count': 1}",product,,,3.0,,,,"{'result_set': 0, 'score': None}",1 lb bunch,b46d280d-8770-430f-8cbd-d8844df0e7e3,,,False,True,['none'],"{'price': 3.49, 'uom': 'lb'}",True,
,[],,,"{'source': 'DEF/ETL', 'stock_level': 0}",,True,,,1.0,1,,"[{'id': '1', 'name': 'Produce'}, {'id': '2', 'name': 'Fruits'}, {'id': '494', 'name': 'Avocados'}]",ea,{},00000000040460,8370,279,2,17650,"['delivery', 'instore', 'pickup']",/store_products/7080,1603808633,3251376,7080,"{'tile': {'large': 'https://d2d8wwwkmhfcva.cloudfront.net/1200x/filters:fill(FFF,true):format(jpg)/d2lnr5mha7bycj.cloudfront.net/product-image/file/large_bca88ebd-4e29-457a-875d-415c3d8cf3d5.png', 'medium': 'https://d2d8wwwkmhfcva.cloudfront.net/800x/filters:fill(FFF,true):format(jpg)/d2lnr5mha7bycj.cloudfront.net/product-image/file/large_bca88ebd-4e29-457a-875d-415c3d8cf3d5.png', 'small': 'https://d2d8wwwkmhfcva.cloudfront.net/400x/filters:fill(FFF,true):format(jpg)/d2lnr5mha7bycj.cloudfront.net/product-image/file/large_bca88ebd-4e29-457a-875d-415c3d8cf3d5.png'}}",False,,,,,"Sun, 14 Jan 2024 10:19:55 GMT",Medium Hass Avocado,,False,"{'increment': 1, 'max': 100, 'min': 1}",,,"{'average_rating': 4.4, 'user_count': 10}",product,,,3.0,,,,"{'result_set': 0, 'score': None}",1 ct,b46d280d-8770-430f-8cbd-d8844df0e7e3,,,False,True,['none'],"{'price': 1.0, 'uom': 'ct'}",True,
